customer_id,last_purchase_date,frequency,monetary,avg_order_value,total_quantity,unique_categories,preferred_channel,preferred_payment,recency,signup_date,tenure_days,is_high_value,is_churn_risk,clv_proxy
CUST_000001,2023-09-21,1,2377.11,2377.11,3,1,Mobile App,Apple Pay,468,2020-12-06,1487,0,1,584.73
CUST_000002,2024-02-25,3,587.08,117.41600000000001,8,3,Mobile App,PayPal,311,2021-04-16,1356,0,1,475.6
CUST_000003,2022-04-07,1,63.94,21.313333333333333,3,3,Mobile App,PayPal,1000,2022-03-03,1035,0,1,22.57
CUST_000004,2024-07-29,7,1399.91,116.65916666666668,21,6,Website,Debit Card,156,2021-11-17,1141,1,1,3154.86
CUST_000005,2023-02-04,1,13.15,13.15,1,1,Mobile App,Credit Card,697,2021-11-25,1133,0,1,4.24
CUST_000006,2022-08-10,1,742.42,742.42,2,1,In-Store,Credit Card,875,2021-12-04,1124,0,1,241.36
CUST_000007,2024-06-30,3,629.83,125.96600000000001,12,3,Marketplace,Debit Card,185,2020-09-05,1579,0,1,439.13
CUST_000009,2024-08-07,5,317.95000000000005,35.32777777777778,11,5,Mobile App,Bank Transfer,147,2020-03-23,1745,0,1,334.79
CUST_000010,2024-07-22,4,327.63,54.605,7,3,Website,Credit Card,163,2020-04-02,1735,0,1,277.39
CUST_000011,2023-01-29,2,238.8,59.7,6,3,Website,Credit Card,703,2022-06-03,943,0,1,185.12
CUST_000012,2024-06-21,3,138.84,46.28,3,3,In-Store,PayPal,194,2021-01-28,1434,0,1,106.56
CUST_000013,2024-04-17,2,175.93,43.9825,7,4,Website,Apple Pay,259,2022-04-03,1004,0,1,128.41
CUST_000014,2024-11-03,1,192.82999999999998,64.27666666666666,6,3,In-Store,Credit Card,59,2020-09-24,1560,0,0,45.88
CUST_000015,2024-12-21,3,1825.81,365.162,13,4,Website,Credit Card,11,2021-02-20,1411,0,0,1545.72
CUST_000016,2023-03-14,1,85.88,28.626666666666665,3,3,In-Store,PayPal,659,2021-09-23,1196,0,1,26.25
CUST_000017,2024-06-27,4,259.23,32.40375,13,6,Website,Debit Card,188,2021-08-05,1245,0,1,305.61
CUST_000018,2024-08-15,3,547.81,136.9525,8,4,Website,Bank Transfer,139,2021-06-12,1299,0,1,465.1
CUST_000019,2024-11-19,3,699.1700000000001,99.88142857142859,16,4,Website,Bank Transfer,43,2020-09-09,1575,0,0,497.39
CUST_000020,2023-09-26,3,994.44,248.61,6,3,Mobile App,PayPal,463,2022-08-14,871,0,1,1252.89
CUST_000021,2024-07-12,3,952.66,317.55333333333334,3,1,In-Store,Debit Card,173,2020-05-01,1706,0,1,615.0
CUST_000022,2024-01-31,5,198.81,39.762,8,3,Mobile App,Credit Card,336,2022-06-10,936,0,1,388.79
CUST_000023,2024-12-03,3,6171.96,1028.66,12,5,In-Store,Credit Card,29,2020-01-10,1818,0,0,3845.62
CUST_000024,2024-11-19,6,121.00999999999999,11.00090909090909,16,6,Mobile App,PayPal,43,2022-03-09,1029,0,0,263.53
CUST_000025,2024-11-20,6,998.01,83.1675,22,6,Website,Credit Card,42,2020-11-11,1512,1,0,1479.95
CUST_000026,2024-03-02,3,340.47,68.09400000000001,8,4,Mobile App,Credit Card,305,2022-04-17,990,0,1,377.82
CUST_000027,2024-08-10,4,1412.76,235.46,8,4,Mobile App,Credit Card,144,2020-09-29,1555,0,1,1335.66
CUST_000028,2023-11-28,4,160.65,20.08125,12,5,Website,Credit Card,400,2020-11-01,1522,0,1,154.49
CUST_000029,2024-02-06,1,376.82,125.60666666666667,5,3,Website,PayPal,330,2022-03-15,1023,0,1,134.85
CUST_000030,2024-03-28,6,776.03,97.00375,13,5,Website,PayPal,279,2020-07-28,1618,0,1,1054.14
CUST_000031,2022-10-28,2,3192.51,798.1275,11,3,In-Store,Debit Card,796,2022-08-15,870,0,1,2682.14
CUST_000033,2024-06-10,2,15.59,7.795,2,1,In-Store,Credit Card,205,2022-01-22,1075,0,1,10.64
CUST_000034,2024-08-01,3,870.99,217.7475,9,2,Mobile App,Debit Card,153,2022-06-04,942,0,1,1019.07
CUST_000035,2022-12-04,3,138.13,34.5325,6,3,Website,Credit Card,759,2021-04-08,1364,0,1,111.03
CUST_000036,2022-02-14,1,107.25999999999999,53.629999999999995,2,2,Website,Debit Card,1052,2021-12-12,1116,0,1,35.11
CUST_000037,2024-09-20,2,212.16,53.04,5,3,Website,Apple Pay,103,2021-12-28,1100,0,1,142.16
CUST_000038,2024-01-30,5,403.14,57.59142857142857,10,3,In-Store,Credit Card,337,2021-12-17,1111,0,1,664.19
CUST_000039,2024-09-08,2,664.79,332.395,5,2,Website,Credit Card,115,2022-07-13,903,0,1,542.1
CUST_000040,2024-03-15,5,474.64,43.14909090909091,20,5,Website,Debit Card,292,2021-02-19,1412,0,1,615.57
CUST_000041,2024-08-24,5,1598.05,159.805,19,3,Website,Credit Card,130,2020-08-03,1612,1,1,1823.12
CUST_000042,2022-08-01,1,1064.5900000000001,354.8633333333334,5,3,Mobile App,Credit Card,884,2020-03-20,1748,0,1,222.55
CUST_000043,2024-01-08,3,47.620000000000005,15.873333333333335,3,3,Mobile App,Credit Card,359,2022-02-17,1049,0,1,49.85
CUST_000044,2024-07-07,3,448.98,89.796,11,3,Website,Credit Card,178,2021-04-24,1348,0,1,366.76
CUST_000045,2024-05-01,2,388.51,194.255,2,2,Mobile App,Debit Card,245,2022-06-20,926,0,1,307.53
CUST_000046,2024-03-04,3,923.63,230.9075,5,3,Mobile App,Credit Card,303,2022-06-09,937,0,1,1082.94
CUST_000047,2024-08-08,2,339.44,169.72,4,1,Mobile App,Debit Card,146,2021-06-30,1281,0,1,194.76
CUST_000048,2024-11-17,6,860.77,95.64111111111112,13,3,Mobile App,Credit Card,45,2022-03-11,1027,0,0,1876.32
CUST_000049,2023-03-17,3,724.45,120.74166666666667,15,4,Website,Credit Card,656,2020-01-18,1810,0,1,438.94
CUST_000050,2024-06-22,4,833.12,83.312,27,8,Website,PayPal,193,2020-06-13,1663,0,1,735.21
CUST_000051,2022-01-15,1,5.57,5.57,1,1,In-Store,PayPal,1082,2021-06-08,1303,0,1,1.56
CUST_000052,2024-03-27,3,191.56,31.926666666666666,8,4,Website,Debit Card,280,2020-07-20,1626,0,1,129.46
CUST_000053,2024-10-05,5,1276.6399999999999,182.37714285714284,15,4,Website,PayPal,88,2022-01-10,1087,1,0,2167.75
CUST_000054,2024-11-12,3,912.23,182.446,9,3,Website,Credit Card,50,2020-12-11,1482,0,0,687.5
CUST_000055,2024-07-11,4,306.62,43.80285714285714,9,4,Website,PayPal,174,2020-12-31,1462,0,1,307.96
CUST_000056,2022-07-02,1,438.9,438.9,1,1,Website,Apple Pay,914,2022-09-03,851,0,1,188.45
CUST_000057,2024-11-19,6,495.61,49.561,21,4,Mobile App,Apple Pay,43,2021-03-23,1380,0,0,804.8
CUST_000058,2023-12-27,4,305.9,43.699999999999996,8,3,Mobile App,PayPal,371,2021-05-27,1315,0,1,340.55
CUST_000059,2022-09-18,1,73.33,73.33,3,1,Website,Credit Card,836,2020-11-14,1509,0,1,17.76
CUST_000060,2023-08-15,1,481.11,160.37,8,3,Marketplace,PayPal,505,2020-08-04,1611,0,1,109.22
CUST_000062,2024-12-02,3,37.19,9.2975,5,2,Website,Credit Card,30,2022-05-20,957,0,0,43.97
CUST_000063,2024-09-06,3,201.6,40.32,12,3,In-Store,Credit Card,117,2020-09-22,1562,0,1,142.53
CUST_000064,2024-10-26,7,147.43,12.285833333333334,24,5,Website,Debit Card,67,2021-10-01,1188,0,0,321.81
CUST_000065,2024-09-24,5,273.78,34.2225,13,6,Mobile App,Apple Pay,99,2021-12-24,1104,0,1,457.15
CUST_000066,2024-07-14,3,427.05,142.35,7,3,Website,Credit Card,171,2022-02-13,1053,0,1,446.68
CUST_000067,2023-09-20,3,1154.19,192.365,10,4,Mobile App,Credit Card,469,2022-04-03,1004,0,1,1261.49
CUST_000068,2023-02-25,3,314.17999999999995,104.72666666666665,6,3,Website,Credit Card,676,2020-03-20,1748,0,1,197.1
CUST_000069,2024-12-02,6,142.82,14.282,14,7,Website,Credit Card,30,2021-11-07,1151,0,0,280.8
CUST_000070,2023-12-01,2,687.78,229.26,3,2,Mobile App,Debit Card,397,2021-02-16,1415,0,1,355.72
CUST_000071,2023-08-16,3,272.14,54.428,6,3,Mobile App,PayPal,504,2020-09-08,1576,0,1,189.46
CUST_000072,2023-08-16,1,81.86,81.86,1,1,Website,PayPal,504,2020-01-12,1816,0,1,16.49
CUST_000074,2024-09-05,3,1018.6,145.5142857142857,8,5,Mobile App,Bank Transfer,118,2022-03-26,1012,0,1,1111.48
CUST_000075,2022-01-03,1,9.71,9.71,1,1,Mobile App,Debit Card,1094,2021-12-24,1104,0,1,3.21
CUST_000077,2024-12-02,3,203.49,50.8725,7,3,In-Store,PayPal,30,2020-04-21,1716,0,0,134.18
CUST_000078,2024-02-15,4,189.47,47.3675,6,2,Mobile App,Apple Pay,321,2021-12-23,1105,0,1,251.12
CUST_000079,2024-09-30,2,437.39,87.478,6,5,Website,PayPal,93,2021-01-12,1450,0,1,222.57
CUST_000080,2024-06-30,2,93.22,31.073333333333334,3,2,Marketplace,PayPal,185,2022-01-20,1077,0,1,63.53
CUST_000081,2023-11-05,3,8489.04,1212.72,10,3,Mobile App,Credit Card,423,2020-09-24,1560,0,1,5972.74
CUST_000082,2023-08-09,1,77.08,38.54,3,2,In-Store,Debit Card,511,2022-07-05,911,0,1,30.94
CUST_000083,2024-10-11,2,189.95999999999998,47.489999999999995,7,3,In-Store,Apple Pay,82,2020-10-24,1530,0,1,91.74
CUST_000084,2024-12-01,3,718.93,143.786,5,3,Website,Debit Card,31,2020-11-12,1511,0,0,537.8
CUST_000085,2024-08-15,1,87.1,87.1,3,1,In-Store,Credit Card,139,2021-07-23,1258,0,1,25.45
CUST_000086,2023-12-10,4,1020.53,127.56625,12,4,In-Store,Credit Card,388,2021-05-23,1319,0,1,1132.54
CUST_000087,2023-11-25,2,923.74,184.748,9,5,Mobile App,PayPal,403,2022-08-07,878,0,1,769.94
CUST_000088,2024-02-09,3,1023.4300000000001,170.5716666666667,8,4,Website,Debit Card,327,2021-06-29,1282,0,1,876.82
CUST_000090,2024-02-22,4,618.63,103.105,13,6,In-Store,Credit Card,314,2020-12-30,1463,0,1,619.33
CUST_000091,2022-10-18,1,87.43,87.43,1,1,Website,PayPal,806,2021-06-30,1281,0,1,24.94
CUST_000092,2024-09-09,7,568.13,47.344166666666666,22,5,Mobile App,Debit Card,114,2020-09-27,1557,0,1,940.47
CUST_000093,2024-06-09,4,1137.1,113.71,18,6,Mobile App,Bank Transfer,206,2022-08-18,867,0,1,1924.14
CUST_000094,2024-05-14,3,49.49,12.3725,6,2,Mobile App,Credit Card,232,2021-04-18,1354,0,1,40.2
CUST_000095,2024-11-24,1,209.97,69.99,5,3,In-Store,Apple Pay,38,2022-01-08,1089,0,0,72.23
CUST_000096,2024-03-29,4,152.31,19.03875,14,4,Website,Credit Card,278,2021-06-20,1291,0,1,172.87
CUST_000097,2024-06-17,6,5796.54,724.5675,16,4,Mobile App,Debit Card,198,2020-08-21,1594,1,1,6907.84
CUST_000098,2024-10-25,4,506.56,84.42666666666666,12,3,Mobile App,Debit Card,68,2020-02-28,1769,0,0,424.22
CUST_000099,2024-08-02,3,278.15,55.629999999999995,10,4,Website,Debit Card,152,2020-09-07,1577,0,1,194.41
CUST_000100,2024-08-21,4,342.52000000000004,57.08666666666667,11,5,Mobile App,Bank Transfer,133,2022-04-26,981,0,1,513.6
CUST_000101,2023-12-05,2,80.94,40.47,5,2,In-Store,Credit Card,393,2020-03-26,1742,0,1,34.0
CUST_000102,2024-09-28,5,185.67,26.524285714285714,10,4,Website,Apple Pay,95,2022-02-01,1065,0,1,321.52
CUST_000103,2024-08-07,2,128.94,32.235,4,4,Website,Bank Transfer,147,2021-01-24,1438,0,1,65.9
CUST_000104,2023-08-21,3,245.72,40.95333333333333,11,4,Mobile App,Credit Card,499,2020-06-28,1648,0,1,163.59
CUST_000105,2023-10-19,3,797.1,159.42000000000002,10,4,Mobile App,Debit Card,440,2021-12-19,1109,0,1,788.83
CUST_000107,2023-09-06,2,99.61,49.805,3,1,Mobile App,Credit Card,483,2020-05-28,1679,0,1,43.4
CUST_000108,2024-03-26,1,11.44,11.44,2,1,Mobile App,Debit Card,281,2021-08-05,1245,0,1,3.37
CUST_000109,2024-10-10,6,572.53,63.614444444444445,24,7,Mobile App,Debit Card,83,2020-04-30,1707,0,0,743.38
CUST_000110,2024-09-07,6,146.28,16.253333333333334,18,5,Website,PayPal,116,2022-02-03,1063,0,1,303.97
CUST_000111,2023-12-09,1,50.1,50.1,1,1,Mobile App,Credit Card,389,2021-08-27,1223,0,1,14.99
CUST_000112,2023-11-25,4,1355.43,150.60333333333335,22,6,Mobile App,PayPal,403,2020-09-12,1572,0,1,1261.98
CUST_000113,2023-05-08,2,493.01,246.505,5,2,Mobile App,Debit Card,604,2022-02-04,1062,0,1,339.45
CUST_000114,2024-08-05,3,80.23,26.743333333333336,4,2,Website,Credit Card,149,2022-05-13,964,0,1,91.74
CUST_000115,2024-12-08,6,361.25,45.15625,18,4,Website,PayPal,24,2022-03-10,1028,0,0,801.66
CUST_000116,2024-07-31,5,1335.03,148.33666666666667,15,4,Website,Credit Card,154,2020-11-04,1519,1,1,1614.38
CUST_000117,2022-12-28,3,99.75,14.25,10,4,Website,PayPal,735,2020-02-28,1769,0,1,61.83
CUST_000118,2024-06-27,5,213.11,21.311,13,6,In-Store,Debit Card,188,2020-03-09,1759,0,1,222.28
CUST_000119,2024-12-15,5,252.38,36.05428571428571,7,4,Website,Debit Card,17,2021-03-21,1382,0,0,352.89
CUST_000120,2023-07-17,2,25.6,12.8,2,1,In-Store,Credit Card,534,2021-01-22,1440,0,1,13.0
CUST_000121,2023-05-12,2,177.55,88.775,4,1,Marketplace,Credit Card,600,2020-03-26,1742,0,1,74.53
CUST_000122,2024-12-01,4,311.29999999999995,62.25999999999999,8,2,Mobile App,Debit Card,31,2022-02-24,1042,0,0,450.25
CUST_000123,2024-12-05,2,60.06,30.03,3,2,Mobile App,Debit Card,27,2020-08-14,1601,0,0,28.4
CUST_000124,2024-09-20,2,88.44,22.11,7,3,In-Store,Credit Card,103,2021-08-15,1235,0,1,52.78
CUST_000125,2024-10-19,3,36.36,9.09,6,3,In-Store,Credit Card,74,2021-09-17,1202,0,0,33.57
CUST_000126,2024-12-01,3,1687.94,562.6466666666666,4,1,In-Store,PayPal,31,2020-07-02,1644,0,0,1160.53
CUST_000127,2023-05-25,2,1703.48,851.74,3,2,In-Store,Apple Pay,587,2022-03-02,1036,0,1,1202.37
CUST_000128,2024-03-31,1,242.88,80.96,4,3,Website,Bank Transfer,276,2020-11-17,1506,0,1,59.08
CUST_000129,2024-12-03,6,99.0,14.142857142857142,7,5,Mobile App,Debit Card,29,2022-06-27,919,0,0,244.05
CUST_000130,2023-01-11,2,30.509999999999998,10.17,6,2,In-Store,Credit Card,721,2020-11-13,1510,0,1,14.77
CUST_000131,2023-08-06,2,160.43,32.086,8,4,Mobile App,PayPal,514,2021-07-19,1262,0,1,92.98
CUST_000132,2024-01-23,2,156.76999999999998,39.192499999999995,10,4,In-Store,Debit Card,344,2021-02-02,1429,0,1,80.32
CUST_000133,2024-10-11,2,568.84,113.768,10,4,Website,PayPal,82,2021-12-09,1119,0,1,375.62
CUST_000134,2023-12-25,1,139.48,46.49333333333333,3,3,In-Store,Apple Pay,373,2022-06-17,929,0,1,54.95
CUST_000135,2024-08-13,3,887.1899999999999,147.86499999999998,10,5,In-Store,Google Pay,141,2020-10-19,1535,0,1,637.37
CUST_000136,2024-07-26,4,410.98,82.196,8,3,Mobile App,Debit Card,159,2020-10-19,1535,0,1,393.36
CUST_000137,2024-12-25,3,948.61,237.1525,9,3,Website,Credit Card,7,2021-04-29,1343,0,0,883.93
CUST_000138,2024-10-30,4,370.02,61.669999999999995,10,4,Mobile App,Apple Pay,63,2022-06-17,929,0,0,590.75
CUST_000139,2023-12-08,3,525.15,87.52499999999999,11,4,Mobile App,Apple Pay,390,2021-03-22,1381,0,1,417.46
CUST_000140,2023-07-14,1,78.78,78.78,3,1,In-Store,Debit Card,537,2022-03-13,1025,0,1,28.11
CUST_000141,2022-07-22,2,78.37,19.5925,6,3,Website,Debit Card,894,2021-11-22,1136,0,1,50.42
CUST_000142,2023-07-28,2,244.51,61.1275,4,3,Mobile App,Debit Card,523,2022-09-09,845,0,1,211.64
CUST_000143,2024-01-04,2,55.72,18.573333333333334,6,3,Website,Debit Card,363,2022-06-10,936,0,1,43.58
CUST_000144,2022-03-25,1,684.5400000000001,342.27000000000004,7,2,Mobile App,Apple Pay,1013,2021-02-15,1416,0,1,176.63
CUST_000145,2023-04-22,2,45.79,22.895,2,1,Mobile App,Apple Pay,620,2021-05-22,1320,0,1,25.36
CUST_000146,2024-07-17,4,1417.67,202.52428571428572,15,5,Website,Credit Card,168,2022-01-03,1094,0,1,1903.22
CUST_000147,2024-03-27,4,91.47,11.43375,10,5,In-Store,Credit Card,280,2022-02-24,1042,0,1,128.62
CUST_000148,2024-09-26,3,317.69,63.538,13,4,Mobile App,Debit Card,97,2022-06-08,938,0,1,374.69
CUST_000149,2024-12-20,5,460.64,76.77333333333333,7,4,Mobile App,Debit Card,12,2020-08-31,1584,0,0,574.95
CUST_000150,2024-12-29,4,515.72,57.30222222222223,19,6,Website,Debit Card,3,2021-02-23,1408,0,0,713.02
CUST_000152,2023-10-24,4,451.97,64.56714285714285,10,6,Website,Bank Transfer,435,2022-08-17,868,0,1,761.97
CUST_000153,2024-12-12,3,412.39,103.0975,9,3,Mobile App,Debit Card,20,2020-06-02,1674,0,0,283.24
CUST_000154,2024-09-25,2,389.77,194.885,2,1,Mobile App,Debit Card,98,2022-03-26,1012,0,1,284.03
CUST_000155,2024-03-20,7,104.79,7.485,22,7,Website,Apple Pay,287,2021-02-27,1404,0,1,191.36
CUST_000156,2022-08-29,3,508.68,127.17,5,2,In-Store,Credit Card,856,2020-09-29,1555,0,1,358.62
CUST_000159,2024-09-21,6,401.98,57.425714285714285,10,4,In-Store,Credit Card,102,2022-04-04,1003,0,1,886.31
CUST_000160,2024-12-29,6,1407.8700000000001,175.98375000000001,11,3,Mobile App,Credit Card,3,2021-06-03,1308,1,0,3142.95
CUST_000161,2024-06-26,5,738.84,67.16727272727273,21,3,Website,Debit Card,189,2020-05-07,1700,0,1,797.36
CUST_000162,2023-10-13,2,295.65,59.129999999999995,13,3,Mobile App,Bank Transfer,446,2021-01-07,1455,0,1,148.67
CUST_000163,2024-03-10,1,5.82,5.82,1,1,Mobile App,Credit Card,297,2021-07-21,1260,0,1,1.69
CUST_000164,2023-06-13,1,212.64,106.32,3,2,Mobile App,Debit Card,568,2021-09-29,1190,0,1,65.34
CUST_000165,2023-03-17,1,43.83,21.915,3,2,Mobile App,Credit Card,656,2020-06-07,1669,0,1,9.6
CUST_000166,2024-05-12,2,26.41,13.205,4,2,Website,Apple Pay,234,2021-07-24,1257,0,1,15.4
CUST_000167,2024-04-16,3,248.65999999999997,41.44333333333333,8,4,Website,PayPal,260,2021-07-23,1258,0,1,217.27
CUST_000168,2024-08-23,6,1822.27,182.227,20,7,Website,Credit Card,131,2021-10-13,1176,1,1,3419.42
CUST_000169,2024-05-13,4,1836.4999999999998,306.0833333333333,8,4,Mobile App,Credit Card,233,2020-06-24,1652,0,1,1630.02
CUST_000170,2024-01-08,3,502.5,125.625,6,4,Marketplace,Credit Card,359,2022-07-15,901,0,1,612.4
CUST_000171,2024-11-07,4,401.97,66.995,11,3,Marketplace,Credit Card,55,2021-09-11,1208,0,0,494.66
CUST_000172,2023-01-13,1,420.73,210.365,5,1,Marketplace,Credit Card,719,2020-07-29,1617,0,1,95.1
CUST_000174,2024-11-28,5,268.76,38.394285714285715,12,4,Website,Debit Card,34,2021-08-08,1242,0,0,406.53
CUST_000175,2022-12-29,3,1000.2499999999999,333.41666666666663,5,3,Website,Apple Pay,734,2020-06-15,1661,0,1,660.3
CUST_000176,2022-11-10,1,17.36,17.36,1,1,Website,PayPal,783,2021-04-04,1368,0,1,4.64
CUST_000177,2023-06-23,2,1278.0700000000002,319.51750000000004,7,4,Website,Bank Transfer,558,2022-07-04,912,0,1,1024.85
CUST_000178,2024-06-13,3,537.94,89.65666666666668,10,6,Website,Apple Pay,202,2020-12-22,1471,0,1,402.42
CUST_000179,2023-10-27,3,1125.69,187.615,11,4,Website,Credit Card,432,2020-10-30,1524,0,1,810.68
CUST_000180,2024-09-21,4,307.90999999999997,27.99181818181818,18,6,Website,PayPal,102,2020-08-20,1595,0,1,284.61
CUST_000181,2023-04-15,1,50.98,50.98,3,1,Mobile App,Debit Card,627,2020-11-22,1501,0,1,12.42
CUST_000182,2024-07-09,4,1045.3600000000001,149.33714285714288,10,5,Website,Bank Transfer,176,2022-06-02,944,0,1,1625.95
CUST_000183,2024-03-05,3,119.49,39.83,7,3,In-Store,Debit Card,302,2020-06-30,1646,0,1,79.75
CUST_000184,2024-09-22,3,47.12,15.706666666666665,4,2,Website,Credit Card,101,2021-09-25,1194,0,1,43.64
CUST_000185,2023-08-13,2,1194.25,238.85,11,4,Mobile App,PayPal,507,2020-11-29,1494,0,1,584.69
CUST_000187,2024-10-02,4,285.82,57.164,7,3,Website,Debit Card,91,2022-08-24,861,0,1,489.99
CUST_000188,2024-02-15,6,2775.3199999999997,308.3688888888889,15,5,Website,Apple Pay,321,2020-01-29,1799,1,1,3389.04
CUST_000189,2023-03-25,1,14.09,14.09,1,1,Website,Apple Pay,648,2021-12-14,1114,0,1,4.62
CUST_000190,2023-11-13,1,140.73,70.365,4,2,Mobile App,Apple Pay,415,2020-04-02,1735,0,1,29.68
CUST_000192,2024-09-16,2,104.81,26.2025,7,3,Website,Apple Pay,107,2022-05-17,960,0,1,80.44
CUST_000193,2024-07-24,6,82.56,10.32,15,3,Mobile App,Apple Pay,161,2021-11-18,1140,0,1,159.59
CUST_000195,2024-05-17,1,213.73,213.73,4,1,Website,PayPal,229,2021-12-23,1105,0,1,70.91
CUST_000196,2024-04-30,4,2016.81,252.10125,14,6,Mobile App,Apple Pay,246,2020-07-02,1644,0,1,1798.37
CUST_000197,2024-02-14,5,388.31,55.472857142857144,15,5,Mobile App,Debit Card,322,2020-04-04,1733,0,1,410.19
CUST_000198,2024-04-21,1,804.85,402.425,2,2,Website,PayPal,255,2022-02-23,1043,0,1,282.76
CUST_000199,2024-12-08,5,175.98000000000002,35.196000000000005,5,3,Website,Credit Card,24,2021-10-10,1179,0,0,283.75
CUST_000200,2024-09-11,5,481.34000000000003,60.167500000000004,14,5,Mobile App,PayPal,112,2022-01-18,1079,0,1,821.4
CUST_000201,2024-09-06,6,235.63,21.420909090909092,17,6,Mobile App,Credit Card,117,2020-12-18,1475,0,1,352.84
CUST_000202,2023-03-19,6,1680.23,129.24846153846153,24,6,Website,Credit Card,654,2022-07-18,898,1,1,4103.93
CUST_000203,2023-11-19,3,44.1,11.025,6,2,Mobile App,Credit Card,409,2022-07-29,887,0,1,54.57
CUST_000204,2024-01-23,4,1934.29,386.858,14,3,Website,Credit Card,344,2022-09-10,844,0,1,3355.77
CUST_000205,2023-06-30,1,78.97999999999999,39.489999999999995,2,2,Mobile App,Credit Card,551,2020-09-21,1563,0,1,18.48
CUST_000206,2024-11-18,6,840.64,105.08,10,6,Website,Credit Card,44,2021-10-08,1181,0,0,1594.28
CUST_000207,2023-10-18,2,16.25,8.125,2,1,In-Store,Apple Pay,441,2021-10-17,1172,0,1,10.14
CUST_000208,2024-03-25,5,1069.74,106.974,18,5,Website,Debit Card,282,2020-01-19,1809,1,1,1083.03
CUST_000209,2024-10-09,1,114.52,57.26,5,2,Mobile App,Bank Transfer,84,2022-01-12,1085,0,1,38.98
CUST_000210,2024-08-06,3,87.05,21.7625,6,3,Mobile App,Debit Card,148,2021-10-07,1182,0,1,81.19
CUST_000211,2023-08-04,2,125.22999999999999,41.74333333333333,5,3,Website,Debit Card,516,2021-09-17,1202,0,1,76.2
CUST_000212,2024-02-09,2,412.88,103.22,6,2,In-Store,Credit Card,327,2021-05-13,1329,0,1,227.48
CUST_000213,2024-11-05,3,266.95,44.49166666666667,7,4,Website,Credit Card,57,2020-05-18,1689,0,0,176.1
CUST_000214,2024-04-14,6,357.25,25.517857142857142,22,6,Marketplace,Debit Card,262,2021-09-28,1191,0,1,659.42
CUST_000215,2024-01-28,4,752.64,107.52,11,5,Website,Apple Pay,339,2021-12-16,1112,0,1,991.09
CUST_000216,2024-04-07,6,743.46,67.58727272727273,16,4,Marketplace,Credit Card,269,2021-07-26,1255,0,1,1302.18
CUST_000217,2024-04-02,4,338.99,48.42714285714286,13,2,Website,Debit Card,274,2022-01-31,1066,0,1,465.98
CUST_000218,2024-12-27,5,1385.15,173.14375,16,5,In-Store,Credit Card,5,2022-03-20,1018,1,0,2979.84
CUST_000219,2024-10-25,5,2257.59,250.84333333333336,19,6,Mobile App,Apple Pay,68,2021-06-08,1303,1,0,3208.51
CUST_000220,2024-09-30,3,913.83,152.305,9,3,Mobile App,Apple Pay,93,2022-06-26,920,0,1,1099.35
CUST_000221,2023-12-27,2,1119.9099999999999,279.97749999999996,8,3,Mobile App,Bank Transfer,371,2020-09-11,1573,0,1,521.13
CUST_000222,2024-03-07,1,86.34,86.34,1,1,Website,Credit Card,300,2020-03-25,1743,0,1,18.14
CUST_000223,2024-06-30,4,795.81,99.47625,13,4,Website,Google Pay,185,2021-04-02,1370,0,1,852.67
CUST_000224,2023-02-02,4,922.96,115.37,15,4,Mobile App,Debit Card,699,2021-06-15,1296,0,1,1041.24
CUST_000225,2024-09-17,6,740.56,61.71333333333333,21,6,In-Store,Debit Card,106,2021-07-15,1266,0,1,1293.15
CUST_000227,2024-03-19,4,149.31,21.330000000000002,16,5,Website,Credit Card,288,2020-04-01,1736,0,1,126.01
CUST_000228,2024-01-14,5,469.27,67.03857142857143,11,3,Mobile App,Credit Card,353,2021-08-22,1228,0,1,699.38
CUST_000229,2024-05-20,1,68.97,68.97,1,1,Website,Apple Pay,226,2020-03-09,1759,0,1,14.37
CUST_000230,2024-09-14,4,8649.7,961.0777777777779,23,4,Mobile App,PayPal,109,2020-02-06,1791,0,1,6907.84
CUST_000231,2023-05-02,1,64.4,32.2,3,2,Mobile App,Credit Card,610,2022-02-03,1063,0,1,22.15
CUST_000232,2024-12-06,4,54.57,13.6425,4,1,Mobile App,Bank Transfer,26,2022-02-02,1064,0,0,77.76
CUST_000233,2024-01-02,2,74.96000000000001,37.480000000000004,3,2,Mobile App,Debit Card,365,2020-05-19,1688,0,1,32.51
CUST_000234,2023-10-28,7,300.65,27.33181818181818,22,6,Website,Credit Card,431,2022-05-16,961,0,1,801.19
CUST_000235,2022-12-22,2,966.3399999999999,322.1133333333333,7,3,Website,Credit Card,741,2022-06-11,935,0,1,755.49
CUST_000236,2023-10-05,2,94.61,31.536666666666665,4,2,Website,Credit Card,454,2021-11-10,1148,0,1,60.29
CUST_000237,2024-05-26,6,1222.23,122.223,14,5,Website,Google Pay,220,2021-07-19,1262,1,1,2130.63
CUST_000238,2022-09-20,1,44.07,44.07,2,1,Website,PayPal,834,2022-06-16,930,0,1,17.32
CUST_000239,2022-11-05,2,869.1800000000001,289.7266666666667,7,2,Mobile App,PayPal,788,2020-06-26,1650,0,1,385.03
CUST_000240,2024-11-09,3,208.69,52.1725,4,3,Mobile App,Credit Card,53,2022-03-19,1019,0,0,228.49
CUST_000241,2023-03-03,3,364.82,52.11714285714286,11,5,In-Store,PayPal,670,2022-03-23,1015,0,1,394.16
CUST_000242,2024-11-22,4,561.66,80.23714285714286,11,5,Website,Credit Card,40,2022-05-20,957,0,0,878.29
CUST_000243,2023-08-24,3,587.27,195.75666666666666,4,2,Mobile App,Credit Card,496,2021-09-09,1210,0,1,532.53
CUST_000244,2024-07-16,6,559.47,69.93375,11,5,Website,PayPal,169,2020-05-16,1691,0,1,728.85
CUST_000245,2024-03-01,6,662.4399999999999,66.244,15,6,Website,Credit Card,306,2020-07-08,1638,0,1,888.57
CUST_000246,2024-03-25,4,899.14,149.85666666666665,9,4,Website,Debit Card,282,2021-10-01,1188,0,1,1108.92
CUST_000247,2023-08-12,2,249.57999999999998,83.19333333333333,10,2,Mobile App,Bank Transfer,508,2020-12-07,1486,0,1,122.85
CUST_000248,2024-04-26,1,448.44,448.44,1,1,In-Store,Credit Card,250,2021-07-12,1269,0,1,129.5
CUST_000249,2023-04-04,2,78.1,39.05,6,2,Marketplace,Credit Card,638,2020-01-05,1823,0,1,31.32
CUST_000250,2024-01-12,2,10.0,5.0,2,2,Mobile App,Apple Pay,355,2022-08-29,856,0,1,8.55
CUST_000251,2024-04-23,2,159.41,79.705,2,2,Marketplace,PayPal,253,2020-09-13,1571,0,1,74.37
CUST_000252,2023-04-17,1,593.14,197.71333333333334,3,2,Mobile App,Credit Card,625,2022-03-22,1016,0,1,213.43
CUST_000253,2024-08-15,4,3136.58,522.7633333333333,10,4,Mobile App,Debit Card,139,2021-10-23,1166,0,1,3955.71
CUST_000254,2023-09-15,1,64.32,64.32,1,1,In-Store,Credit Card,474,2022-03-16,1022,0,1,23.02
CUST_000255,2024-12-29,7,3403.51,309.41,19,5,Website,Credit Card,3,2020-08-30,1585,1,0,6907.84
CUST_000256,2023-09-21,5,132.63,16.57875,10,4,In-Store,Credit Card,468,2022-02-25,1041,0,1,233.01
CUST_000257,2024-04-01,5,92.56,13.222857142857142,13,4,Website,Apple Pay,275,2021-12-20,1108,0,1,153.01
CUST_000258,2023-08-12,2,383.24,95.81,6,3,Mobile App,Debit Card,508,2021-02-18,1413,0,1,198.38
CUST_000259,2024-06-25,3,1365.35,341.3375,7,3,Website,Credit Card,190,2021-09-18,1201,0,1,1251.4
CUST_000260,2024-02-07,2,301.47,150.735,3,2,In-Store,Credit Card,329,2021-12-07,1121,0,1,196.92
CUST_000261,2024-08-27,4,799.65,159.93,7,4,Website,PayPal,127,2020-12-08,1485,0,1,792.38
CUST_000262,2024-07-28,2,289.29,144.645,2,2,Website,Credit Card,157,2021-11-12,1146,0,1,185.45
CUST_000263,2024-03-17,2,180.07,60.02333333333333,3,3,Website,Credit Card,290,2021-01-13,1449,0,1,91.03
CUST_000264,2024-05-19,4,134.41,16.80125,12,5,Mobile App,Credit Card,227,2021-08-16,1234,0,1,159.73
CUST_000265,2024-12-01,1,187.53,187.53,6,1,Mobile App,Debit Card,31,2021-10-27,1162,0,0,60.81
CUST_000266,2023-12-03,2,505.21,168.40333333333334,3,2,In-Store,Credit Card,395,2021-10-14,1175,0,1,314.67
CUST_000267,2024-12-10,5,758.63,84.29222222222222,16,6,Mobile App,Apple Pay,22,2022-04-05,1002,0,0,1444.54
CUST_000269,2023-05-05,3,572.79,190.92999999999998,7,1,In-Store,Credit Card,607,2020-11-18,1505,0,1,417.43
CUST_000270,2024-07-27,2,86.52000000000001,28.840000000000003,7,3,Marketplace,Credit Card,158,2020-05-01,1706,0,1,37.26
CUST_000271,2023-12-28,3,426.16,106.54,9,3,Mobile App,Credit Card,370,2020-09-08,1576,0,1,296.89
CUST_000272,2024-12-08,3,75.54,18.885,7,2,Mobile App,Debit Card,24,2022-05-04,973,0,0,88.55
CUST_000273,2024-07-24,5,1259.83,139.9811111111111,20,6,Marketplace,Credit Card,161,2022-06-17,929,1,1,2490.28
CUST_000275,2023-10-16,1,107.53,35.843333333333334,4,3,Website,Credit Card,443,2021-08-23,1227,0,1,32.06
CUST_000276,2023-09-06,1,73.36,73.36,4,1,Mobile App,Credit Card,483,2021-04-19,1353,0,1,19.83
CUST_000277,2024-11-28,6,89.82000000000001,11.227500000000001,14,5,Mobile App,PayPal,34,2021-07-23,1258,0,0,160.96
CUST_000278,2023-09-21,2,3039.8,607.96,7,5,Website,Credit Card,468,2021-05-06,1336,0,1,1664.52
CUST_000279,2024-03-01,4,150.09,25.015,9,4,Mobile App,Debit Card,306,2021-07-28,1253,0,1,175.46
CUST_000280,2024-04-11,6,919.54,102.1711111111111,15,6,Website,Debit Card,265,2020-12-12,1481,0,1,1364.88
CUST_000281,2024-01-24,6,1366.34,170.7925,13,5,Website,Google Pay,343,2022-03-30,1008,1,1,2977.19
CUST_000282,2024-11-12,7,378.26,37.826,13,5,Website,PayPal,50,2021-05-01,1341,0,0,735.11
CUST_000283,2024-11-02,3,201.02,40.204,10,4,Mobile App,PayPal,60,2021-04-17,1355,0,0,165.16
CUST_000284,2023-12-28,3,828.81,207.2025,7,3,Website,Credit Card,370,2021-01-16,1446,0,1,629.32
CUST_000285,2024-12-21,2,1763.95,440.9875,6,2,Mobile App,PayPal,11,2020-10-06,1548,0,0,907.46
CUST_000286,2024-11-07,1,9.38,9.38,1,1,Website,PayPal,55,2020-03-12,1756,0,0,1.99
CUST_000287,2024-04-11,4,222.57999999999998,44.516,7,4,In-Store,Debit Card,265,2021-06-04,1307,0,1,249.57
CUST_000288,2024-10-26,3,951.1,190.22,7,3,In-Store,PayPal,67,2020-12-31,1462,0,0,722.98
CUST_000289,2024-12-29,6,321.36,35.70666666666667,10,6,Mobile App,Google Pay,3,2022-07-21,895,0,0,1048.46
CUST_000290,2024-04-12,3,39.47,9.8675,6,2,Mobile App,Debit Card,264,2020-04-03,1734,0,1,25.02
CUST_000292,2024-03-08,2,319.84000000000003,106.61333333333334,5,2,Website,Credit Card,299,2020-12-04,1489,0,1,157.33
CUST_000293,2024-08-21,1,76.12,76.12,1,1,Mobile App,PayPal,133,2021-03-12,1391,0,1,20.12
CUST_000294,2024-10-08,3,32.22,8.055,4,3,Mobile App,Credit Card,85,2020-12-01,1492,0,0,23.92
CUST_000295,2024-06-08,5,1034.75,103.475,18,6,Website,Credit Card,207,2021-10-25,1164,1,1,1630.19
CUST_000296,2024-08-06,2,256.12,85.37333333333333,8,2,Website,Debit Card,148,2021-05-06,1336,0,1,140.89
CUST_000297,2023-10-02,3,609.29,87.04142857142857,9,6,Website,Credit Card,457,2022-07-05,911,0,1,733.95
CUST_000298,2024-09-22,1,83.58,83.58,2,1,In-Store,Apple Pay,101,2022-05-17,960,0,1,32.09
CUST_000299,2024-01-03,4,132.22,22.036666666666665,7,4,Website,Credit Card,364,2020-02-09,1788,0,1,108.26
CUST_000300,2023-10-28,3,41.72,10.43,7,3,Website,Credit Card,431,2020-12-24,1469,0,1,31.17
CUST_000301,2023-10-30,4,885.0899999999999,177.01799999999997,7,4,Website,Bank Transfer,429,2021-07-27,1254,0,1,1032.89
CUST_000302,2024-07-10,5,744.5600000000001,106.36571428571429,13,3,Mobile App,Debit Card,175,2020-09-10,1574,0,1,868.23
CUST_000303,2024-02-16,2,164.73,54.91,6,2,Mobile App,Debit Card,320,2022-08-23,862,0,1,139.94
CUST_000304,2023-06-03,1,12.68,12.68,2,1,In-Store,Debit Card,578,2021-08-03,1247,0,1,3.72
CUST_000305,2024-07-31,1,289.49,289.49,5,1,Mobile App,Debit Card,154,2021-02-01,1430,0,1,74.37
CUST_000306,2024-08-04,4,829.8000000000001,165.96,10,1,Mobile App,Credit Card,150,2022-01-26,1071,0,1,1138.73
CUST_000307,2024-07-09,4,343.35,85.8375,7,2,Website,Debit Card,176,2022-05-26,951,0,1,530.11
CUST_000308,2023-06-04,2,892.0,223.0,7,3,In-Store,Credit Card,577,2020-06-18,1658,0,1,393.42
CUST_000309,2024-06-12,5,303.85,50.64166666666667,6,4,Mobile App,Credit Card,203,2021-11-20,1138,0,1,489.68
CUST_000310,2024-10-31,5,1951.7,243.9625,15,6,Website,Credit Card,62,2021-12-01,1127,1,0,3211.45
CUST_000311,2024-04-24,2,27.26,9.086666666666668,3,2,Website,Debit Card,252,2021-05-25,1317,0,1,15.17
CUST_000312,2023-10-24,1,253.09,253.09,2,1,Website,Credit Card,435,2020-09-16,1568,0,1,59.05
CUST_000313,2023-11-07,2,367.58,91.895,5,3,Mobile App,Debit Card,421,2021-08-06,1244,0,1,216.21
CUST_000314,2024-10-16,3,312.79,78.1975,8,3,Mobile App,Bank Transfer,77,2022-09-10,844,0,0,411.08
CUST_000315,2024-11-30,4,84.03,10.50375,15,5,Mobile App,Debit Card,32,2021-04-03,1369,0,0,92.42
CUST_000316,2024-04-13,5,190.67000000000002,27.23857142857143,14,6,Marketplace,Credit Card,263,2021-06-12,1299,0,1,268.9
CUST_000317,2023-11-25,2,108.4,36.13333333333333,4,3,Website,Credit Card,403,2022-05-31,946,0,1,83.86
CUST_000318,2024-11-12,5,284.97,56.99400000000001,6,1,Website,Credit Card,50,2020-12-06,1487,0,0,356.74
CUST_000319,2024-05-07,3,265.88,44.31333333333333,10,5,Website,Credit Card,239,2020-02-26,1771,0,1,165.08
CUST_000320,2024-05-26,6,723.63,80.40333333333334,14,7,In-Store,Credit Card,220,2020-08-05,1610,0,1,988.79
CUST_000322,2024-05-25,5,672.25,96.03571428571429,14,4,Website,Debit Card,221,2022-03-26,1012,0,1,1217.79
CUST_000323,2022-11-22,3,983.27,327.75666666666666,9,2,Website,PayPal,771,2022-07-28,888,0,1,1214.05
CUST_000324,2024-11-29,8,184.02,14.155384615384616,22,6,Website,PayPal,33,2021-11-15,1143,0,0,484.36
CUST_000325,2023-07-06,4,1043.26,130.4075,16,4,Website,Credit Card,545,2021-12-31,1097,0,1,1391.02
CUST_000326,2023-12-26,3,196.31,32.718333333333334,9,5,Mobile App,Credit Card,372,2021-04-08,1364,0,1,158.02
CUST_000327,2024-12-01,3,202.42000000000002,40.484,7,3,Website,Credit Card,31,2020-09-03,1581,0,0,144.72
CUST_000329,2024-09-27,3,905.25,301.75,4,2,Mobile App,PayPal,96,2021-01-07,1455,0,1,688.37
CUST_000333,2024-12-08,6,1351.68,168.96,10,5,Website,Credit Card,24,2021-07-12,1269,1,0,2429.88
CUST_000334,2024-03-26,2,748.59,187.1475,8,2,Website,Credit Card,281,2021-10-07,1182,0,1,463.97
CUST_000335,2024-01-22,4,466.29,93.25800000000001,11,4,Website,Debit Card,345,2020-04-17,1720,0,1,396.95
CUST_000336,2024-01-28,3,1107.35,184.5583333333333,12,3,Mobile App,Debit Card,339,2021-08-06,1244,0,1,977.59
CUST_000338,2024-07-20,3,965.79,241.4475,9,3,Website,Debit Card,165,2021-02-21,1410,0,1,754.57
CUST_000339,2024-04-03,7,574.29,52.208181818181814,14,5,Mobile App,Credit Card,273,2021-09-11,1208,0,1,1219.11
CUST_000340,2024-10-06,4,826.71,103.33875,19,4,Website,Bank Transfer,87,2022-03-31,1007,0,0,1212.38
CUST_000341,2024-11-02,9,525.86,40.45076923076923,31,5,Website,Credit Card,60,2021-02-01,1430,0,0,1228.14
CUST_000342,2024-07-03,5,1519.64,253.27333333333334,12,4,Mobile App,Credit Card,182,2020-09-28,1556,1,1,1792.15
CUST_000343,2024-11-18,1,440.17,220.085,2,2,Mobile App,Credit Card,44,2021-11-13,1145,0,0,143.51
CUST_000344,2024-03-03,2,784.3399999999999,196.08499999999998,10,3,Website,Google Pay,304,2020-04-25,1712,0,1,335.54
CUST_000345,2023-12-31,5,236.07,39.345,8,2,Mobile App,Apple Pay,367,2022-04-20,987,0,1,437.69
CUST_000346,2024-10-18,7,1610.6100000000001,178.95666666666668,15,3,Website,Credit Card,75,2021-08-08,1242,1,0,3357.47
CUST_000347,2024-11-20,5,6180.280000000001,686.6977777777779,21,4,Mobile App,Credit Card,42,2020-09-12,1572,1,0,6907.84
CUST_000348,2023-09-18,3,342.61,57.10166666666667,18,5,Mobile App,Debit Card,471,2020-03-21,1747,0,1,215.2
CUST_000349,2024-05-12,1,258.62,258.62,3,1,In-Store,Debit Card,234,2022-02-18,1048,0,1,90.46
CUST_000351,2024-03-11,3,827.94,165.58800000000002,12,4,In-Store,Credit Card,296,2022-04-17,990,0,1,918.85
CUST_000352,2024-02-03,2,60.66,15.165,7,3,Mobile App,Debit Card,333,2022-07-03,913,0,1,48.65
CUST_000353,2023-04-09,3,123.53,30.8825,5,3,Mobile App,Credit Card,633,2020-08-22,1593,0,1,85.05
CUST_000354,2023-11-29,2,386.67,193.335,4,2,In-Store,Apple Pay,399,2021-07-06,1275,0,1,221.94
CUST_000355,2022-07-10,1,154.23,77.115,6,1,Mobile App,Credit Card,906,2020-06-29,1647,0,1,34.22
CUST_000356,2024-11-11,6,142.57,15.841111111111111,14,5,Mobile App,Credit Card,51,2020-06-05,1671,0,0,190.51
CUST_000357,2023-01-13,2,323.61,80.9025,5,3,In-Store,PayPal,719,2021-03-29,1374,0,1,172.17
CUST_000358,2024-04-25,3,47.73,9.546,8,5,In-Store,Credit Card,251,2021-07-24,1257,0,1,41.74
CUST_000359,2023-06-08,5,502.21,83.70166666666667,9,4,In-Store,Debit Card,573,2022-05-06,971,0,1,945.55
CUST_000360,2024-07-02,4,727.6600000000001,145.532,10,3,Website,Credit Card,183,2022-01-30,1067,0,1,1001.11
CUST_000361,2023-04-03,1,42.69,42.69,1,1,Marketplace,Credit Card,639,2021-12-04,1124,0,1,13.88
CUST_000362,2023-11-10,5,208.48,18.952727272727273,17,7,Mobile App,PayPal,418,2020-01-24,1804,0,1,211.41
CUST_000363,2024-06-03,3,45.269999999999996,11.317499999999999,8,2,Mobile App,Bank Transfer,212,2021-04-17,1355,0,1,36.76
CUST_000364,2023-12-25,5,1558.69,194.83625,15,5,Website,Credit Card,373,2021-02-03,1428,1,1,1997.36
CUST_000366,2024-06-03,6,680.08,113.34666666666668,11,4,Mobile App,PayPal,212,2021-08-14,1236,0,1,1210.68
CUST_000367,2024-07-20,3,360.18000000000006,90.04500000000002,8,3,Mobile App,Credit Card,165,2020-05-13,1694,0,1,234.23
CUST_000368,2024-09-28,4,585.71,83.67285714285715,17,4,In-Store,Credit Card,95,2021-02-24,1407,0,1,614.17
CUST_000369,2023-12-28,3,707.48,176.87,6,2,Mobile App,PayPal,370,2020-07-31,1615,0,1,480.98
CUST_000370,2023-11-13,2,276.0,69.0,5,4,Mobile App,Apple Pay,415,2022-06-18,928,0,1,217.64
CUST_000371,2023-02-05,2,264.68,88.22666666666667,4,2,Website,Debit Card,696,2021-04-26,1346,0,1,143.75
CUST_000372,2022-01-02,1,160.64,80.32,3,2,Mobile App,Debit Card,1095,2020-12-13,1480,0,1,39.65
CUST_000373,2024-01-09,4,442.02000000000004,73.67,12,3,Website,PayPal,358,2020-06-14,1662,0,1,389.38
CUST_000374,2024-12-06,5,1223.68,203.9466666666667,12,4,Mobile App,Apple Pay,26,2022-07-25,891,1,0,2602.82
CUST_000375,2023-10-01,1,28.11,28.11,1,1,Website,Debit Card,458,2020-12-13,1480,0,1,6.95
CUST_000376,2024-09-26,1,378.07,378.07,1,1,Website,Apple Pay,97,2022-04-28,979,0,1,142.41
CUST_000377,2024-02-28,3,1985.15,397.03000000000003,8,3,Mobile App,PayPal,308,2021-02-01,1430,0,1,1525.03
CUST_000378,2024-11-01,2,124.59,62.295,2,1,In-Store,Apple Pay,61,2021-08-05,1245,0,1,74.25
CUST_000379,2024-08-10,4,712.0,178.0,6,3,Mobile App,Apple Pay,144,2021-12-26,1102,0,1,949.85
CUST_000380,2024-03-13,2,510.37,170.12333333333333,7,3,In-Store,Debit Card,294,2021-03-10,1393,0,1,268.37
CUST_000381,2022-08-13,3,733.17,146.634,11,3,Website,Credit Card,872,2021-07-30,1251,0,1,642.48
CUST_000382,2024-03-01,3,364.79999999999995,91.19999999999999,8,4,Mobile App,Apple Pay,306,2020-08-08,1607,0,1,249.38
CUST_000383,2023-11-08,3,750.9100000000001,150.18200000000002,8,2,Website,Apple Pay,420,2020-11-03,1520,0,1,542.24
CUST_000384,2024-01-15,2,244.95,48.989999999999995,10,4,Website,PayPal,352,2022-09-17,837,0,1,214.24
CUST_000385,2024-10-11,5,295.96,36.995,10,5,Website,Credit Card,82,2022-03-08,1030,0,0,530.79
CUST_000386,2023-08-26,3,6051.48,1008.5799999999999,6,4,Website,Debit Card,494,2021-11-27,1131,0,1,5870.72
CUST_000387,2024-08-09,2,1073.02,536.51,3,2,Website,Credit Card,145,2021-12-19,1109,0,1,711.19
CUST_000388,2024-12-12,4,308.3,34.25555555555556,14,7,Website,Credit Card,20,2021-04-10,1362,0,0,347.01
CUST_000389,2023-03-24,2,38.31,19.155,3,1,Mobile App,PayPal,649,2020-04-08,1729,0,1,16.2
CUST_000390,2023-01-10,1,19.79,19.79,1,1,Website,Credit Card,722,2020-08-29,1586,0,1,4.56
CUST_000392,2024-02-07,3,200.42,25.0525,14,4,Mobile App,Credit Card,329,2021-09-01,1218,0,1,180.73
CUST_000393,2023-01-09,4,228.42,38.07,8,4,Mobile App,Debit Card,723,2021-07-07,1274,0,1,262.13
CUST_000394,2024-09-14,4,338.40000000000003,56.400000000000006,18,5,Website,Apple Pay,109,2021-10-12,1177,0,1,423.62
CUST_000395,2023-09-06,1,76.73,38.365,4,2,Website,PayPal,483,2022-03-05,1033,0,1,27.17
CUST_000396,2024-05-07,2,327.52000000000004,109.17333333333335,4,2,Website,PayPal,239,2022-07-08,908,0,1,264.42
CUST_000397,2024-01-14,1,207.98,103.99,5,2,Mobile App,Credit Card,353,2020-08-14,1601,0,1,47.55
CUST_000398,2024-02-04,3,1394.1399999999999,232.35666666666665,15,4,Marketplace,Debit Card,332,2021-02-26,1405,0,1,1089.81
CUST_000399,2024-09-29,4,559.6,79.94285714285715,16,4,Website,Debit Card,94,2020-03-12,1756,0,1,470.22
CUST_000400,2024-05-08,6,845.3399999999999,140.89,9,2,Website,Credit Card,238,2020-08-30,1585,0,1,1172.92
CUST_000402,2023-05-17,5,912.42,130.34571428571428,11,4,Mobile App,Apple Pay,595,2021-08-11,1239,0,1,1346.22
CUST_000403,2023-05-29,3,1381.73,460.57666666666665,6,2,In-Store,PayPal,583,2020-02-14,1783,0,1,850.02
CUST_000404,2024-10-10,3,265.77000000000004,88.59000000000002,3,3,Website,Credit Card,83,2021-04-16,1356,0,0,217.2
CUST_000405,2024-08-24,4,2444.54,488.908,9,3,Website,Apple Pay,130,2021-01-05,1457,0,1,2468.42
CUST_000406,2022-03-28,1,383.18,191.59,5,1,Mobile App,Apple Pay,1010,2022-05-04,973,0,1,143.88
CUST_000407,2024-07-15,8,186.02,16.91090909090909,20,6,Mobile App,Credit Card,170,2021-10-13,1176,0,1,464.6
CUST_000408,2024-11-21,6,249.2,31.15,13,7,Website,Credit Card,41,2021-11-19,1139,0,0,490.83
CUST_000409,2024-07-14,4,734.0699999999999,104.86714285714285,14,4,Website,Credit Card,171,2022-01-03,1094,0,1,985.38
CUST_000410,2023-05-30,4,626.05,104.34166666666665,9,4,In-Store,Google Pay,582,2022-07-15,901,0,1,1016.21
CUST_000411,2024-07-31,3,611.15,122.22999999999999,11,3,Website,Credit Card,154,2020-04-01,1736,0,1,387.99
CUST_000412,2024-03-08,5,1312.94,131.294,13,7,Mobile App,Credit Card,299,2020-01-22,1806,1,1,1331.19
CUST_000413,2023-02-17,2,34.04,17.02,2,2,Mobile App,Debit Card,684,2020-06-20,1656,0,1,15.03
CUST_000414,2023-12-02,3,404.36,57.76571428571429,14,7,In-Store,Credit Card,396,2021-08-26,1224,0,1,362.66
CUST_000415,2024-01-23,2,201.88,50.47,5,3,Mobile App,Debit Card,344,2020-07-10,1636,0,1,90.34
CUST_000416,2024-12-04,4,1404.81,200.68714285714285,12,4,Marketplace,PayPal,28,2020-03-17,1751,0,0,1213.18
CUST_000418,2024-01-31,2,407.57,135.85666666666665,7,3,Mobile App,Apple Pay,336,2020-12-29,1464,0,1,203.83
CUST_000419,2024-12-19,6,2577.98,257.798,20,6,Mobile App,Debit Card,13,2020-06-27,1649,1,0,3687.12
CUST_000420,2022-09-19,1,25.75,25.75,1,1,Website,Debit Card,835,2020-08-25,1590,0,1,5.92
CUST_000421,2024-11-12,3,406.15,135.38333333333333,6,2,Mobile App,Debit Card,50,2020-05-14,1693,0,0,267.94
CUST_000422,2023-05-15,2,213.74,53.435,5,3,Mobile App,Apple Pay,597,2022-05-26,951,0,1,164.34
CUST_000423,2024-08-19,4,198.35,28.335714285714285,9,5,Mobile App,Credit Card,135,2022-06-20,926,0,1,315.05
CUST_000424,2024-11-06,5,956.52,191.304,9,3,Marketplace,Credit Card,56,2020-10-06,1548,1,0,1147.82
CUST_000425,2024-06-06,3,154.27,30.854000000000003,9,4,Website,Apple Pay,209,2020-01-19,1809,0,1,93.83
CUST_000426,2024-04-28,2,286.40000000000003,143.20000000000002,5,1,Mobile App,Credit Card,248,2021-08-17,1233,0,1,170.25
CUST_000427,2024-06-15,6,1161.95,77.46333333333334,23,8,Website,PayPal,200,2022-01-09,1088,1,1,2350.55
CUST_000428,2024-10-01,1,148.41,148.41,4,1,Website,Debit Card,92,2021-01-05,1457,0,1,37.58
CUST_000429,2024-02-28,3,97.92,19.584,9,3,Mobile App,Debit Card,308,2022-02-15,1051,0,1,102.35
CUST_000430,2024-11-28,7,7872.83,524.8553333333333,29,8,Website,Debit Card,34,2020-04-21,1716,1,0,6907.84
CUST_000431,2024-02-28,4,1150.27,230.054,7,5,Mobile App,Credit Card,308,2022-02-01,1065,0,1,1582.02
CUST_000432,2024-09-18,6,738.27,92.28375,17,6,Website,Debit Card,105,2021-11-06,1152,0,1,1416.85
CUST_000433,2024-08-16,5,347.93,49.70428571428572,8,4,Website,Credit Card,138,2022-05-19,958,0,1,667.61
CUST_000434,2024-08-26,2,738.5,184.625,6,2,Website,PayPal,128,2021-11-10,1148,0,1,473.27
CUST_000435,2024-12-29,4,1120.57,124.50777777777778,12,6,Website,Bank Transfer,3,2020-08-08,1607,0,0,1357.42
CUST_000436,2024-07-22,3,844.61,120.65857142857143,11,4,Website,Credit Card,163,2022-07-08,908,0,1,1024.8
CUST_000437,2024-08-12,5,4347.66,483.0733333333333,17,7,Mobile App,Debit Card,142,2020-10-30,1524,1,1,5243.02
CUST_000438,2024-05-30,2,342.68,85.67,11,3,Mobile App,Debit Card,216,2021-12-03,1125,0,1,223.39
CUST_000439,2022-07-20,1,55.69,55.69,2,1,Website,Debit Card,896,2020-11-20,1503,0,1,13.54
CUST_000440,2023-10-09,3,113.50999999999999,37.836666666666666,3,1,Mobile App,Apple Pay,450,2021-03-12,1391,0,1,89.55
CUST_000441,2022-04-20,1,33.14,33.14,1,1,Website,Credit Card,987,2021-03-13,1390,0,1,8.71
CUST_000443,2023-10-07,3,296.68,59.336,7,3,Marketplace,Debit Card,452,2021-01-09,1453,0,1,224.08
CUST_000444,2024-01-14,5,1943.78,323.9633333333333,6,3,Website,Credit Card,353,2021-07-10,1271,1,1,2798.94
CUST_000445,2023-05-04,2,154.95999999999998,51.65333333333333,3,3,Website,Credit Card,608,2021-01-15,1447,0,1,78.3
CUST_000446,2023-12-10,2,298.73,149.365,4,2,Mobile App,Debit Card,388,2022-09-12,842,0,1,259.66
CUST_000447,2024-10-26,6,1369.87,124.53363636363635,13,5,Mobile App,PayPal,67,2020-01-14,1814,1,0,1678.5
CUST_000448,2024-05-31,2,430.57,107.6425,7,2,In-Store,Debit Card,215,2022-01-12,1085,0,1,291.04
CUST_000449,2024-06-03,5,74.08,10.582857142857142,9,4,In-Store,Credit Card,212,2021-10-30,1159,0,1,117.2
CUST_000450,2023-01-13,1,19.77,9.885,2,2,Website,Debit Card,719,2021-05-14,1328,0,1,5.44
CUST_000451,2024-01-13,3,282.44,70.61,11,2,Mobile App,PayPal,354,2021-10-07,1182,0,1,262.39
CUST_000454,2024-10-13,3,1103.53,183.92166666666665,7,5,Mobile App,Credit Card,80,2021-07-18,1263,0,0,968.7
CUST_000455,2024-02-14,4,229.87,45.974000000000004,10,2,Marketplace,Bank Transfer,322,2021-06-13,1298,0,1,259.36
CUST_000456,2023-11-05,3,206.64,41.327999999999996,9,4,In-Store,PayPal,423,2022-09-09,845,0,1,268.41
CUST_000457,2023-03-19,2,401.26,200.63,3,2,In-Store,Credit Card,654,2021-05-06,1336,0,1,219.59
CUST_000458,2024-12-05,2,246.86,49.372,7,4,Website,PayPal,27,2021-07-03,1278,0,0,146.23
CUST_000459,2023-10-07,4,1595.0,319.0,10,3,Marketplace,PayPal,452,2021-11-29,1129,0,1,2067.19
CUST_000460,2024-12-30,5,696.43,99.49,17,3,Mobile App,Debit Card,2,2021-01-19,1443,0,0,1321.19
CUST_000461,2024-03-12,1,56.879999999999995,18.959999999999997,5,3,Mobile App,Apple Pay,295,2020-07-14,1632,0,1,12.76
CUST_000462,2024-06-21,4,511.57,85.26166666666667,11,3,Website,Apple Pay,194,2022-01-24,1073,0,1,699.67
CUST_000463,2023-10-02,2,410.30999999999995,205.15499999999997,2,2,Marketplace,Apple Pay,457,2020-10-26,1528,0,1,196.45
CUST_000464,2024-08-31,6,252.32,42.053333333333335,17,3,Mobile App,Credit Card,123,2022-03-25,1013,0,1,549.92
CUST_000466,2024-10-20,1,25.52,25.52,1,1,Mobile App,Credit Card,73,2021-12-27,1101,0,1,8.58
CUST_000467,2023-04-03,4,492.78,70.39714285714285,17,4,Mobile App,Bank Transfer,639,2021-12-31,1097,0,1,656.87
CUST_000468,2023-01-13,1,106.13,53.065,2,2,In-Store,Credit Card,719,2022-04-07,1000,0,1,38.79
CUST_000469,2023-05-07,3,303.7,60.739999999999995,8,4,Website,PayPal,605,2021-08-24,1226,0,1,271.7
CUST_000471,2024-11-20,3,173.21,24.744285714285716,11,4,Mobile App,Debit Card,42,2020-09-08,1576,0,0,123.21
CUST_000472,2024-11-13,5,649.75,64.975,15,6,Mobile App,Debit Card,49,2020-01-08,1820,0,0,664.83
CUST_000473,2023-04-09,3,137.82999999999998,34.457499999999996,6,4,In-Store,Apple Pay,633,2022-02-06,1060,0,1,142.61
CUST_000474,2023-12-09,9,574.74,52.24909090909091,21,6,Mobile App,Credit Card,389,2022-05-24,953,0,1,1986.23
CUST_000475,2024-02-15,4,1883.53,470.8825,6,3,In-Store,Debit Card,321,2020-07-26,1620,0,1,1702.79
CUST_000476,2024-07-03,4,467.68,66.81142857142858,16,4,Mobile App,Credit Card,182,2022-07-25,891,0,1,770.56
CUST_000477,2024-04-20,2,234.26,117.13,5,1,Website,PayPal,256,2020-05-10,1697,0,1,101.17
CUST_000478,2024-03-12,4,369.49,73.898,13,2,Mobile App,Credit Card,295,2022-01-05,1092,0,1,495.68
CUST_000479,2024-04-27,4,291.97,72.9925,6,2,Website,PayPal,249,2021-12-09,1119,0,1,382.47
CUST_000480,2024-06-20,4,1354.06,338.515,7,2,In-Store,Debit Card,195,2022-09-06,848,0,1,2343.24
CUST_000481,2024-08-01,4,511.53999999999996,85.25666666666666,11,4,Mobile App,Credit Card,153,2021-10-15,1174,0,1,640.31
CUST_000482,2024-04-29,2,634.06,158.515,10,2,Website,Apple Pay,247,2022-02-02,1064,0,1,436.78
CUST_000483,2022-02-17,1,30.2,30.2,2,1,Website,Credit Card,1049,2021-08-30,1220,0,1,9.04
CUST_000484,2024-11-26,1,159.65,159.65,1,1,Website,PayPal,36,2020-01-26,1802,0,0,33.24
CUST_000485,2023-10-13,3,224.91,56.2275,7,3,Mobile App,Credit Card,446,2021-09-14,1205,0,1,204.84
CUST_000486,2024-06-20,6,278.49,30.943333333333335,15,6,Mobile App,Credit Card,195,2021-03-29,1374,0,1,446.16
CUST_000487,2023-10-27,7,593.46,39.564,19,8,Website,Credit Card,432,2021-09-26,1193,0,1,1273.93
CUST_000488,2024-05-02,2,112.44,37.48,5,2,Website,Debit Card,244,2020-07-04,1642,0,1,50.19
CUST_000489,2024-02-18,3,340.58,56.76333333333333,11,4,Website,Credit Card,318,2021-04-28,1344,0,1,278.35
CUST_000492,2024-07-29,5,63.739999999999995,9.105714285714285,10,3,Mobile App,Apple Pay,156,2022-06-09,937,0,1,124.94
CUST_000493,2023-10-24,4,710.26,101.46571428571428,10,5,Mobile App,Credit Card,435,2020-01-05,1823,0,1,570.14
CUST_000494,2024-03-16,2,271.56,67.89,8,3,Marketplace,Credit Card,291,2021-08-11,1239,0,1,160.55
CUST_000495,2024-04-30,2,167.22,83.61,4,1,Mobile App,Credit Card,246,2020-06-08,1668,0,1,73.48
CUST_000496,2024-09-07,4,630.71,105.11833333333334,10,3,Mobile App,Credit Card,116,2020-07-26,1620,0,1,573.32
CUST_000497,2024-08-26,4,104.74000000000001,26.185000000000002,7,2,Mobile App,Debit Card,128,2020-09-13,1571,0,1,98.1
CUST_000498,2024-08-29,4,1773.08,295.5133333333333,9,3,Mobile App,Credit Card,125,2020-07-23,1623,0,1,1607.77
CUST_000499,2022-08-05,2,308.40999999999997,61.681999999999995,10,4,Mobile App,Credit Card,880,2022-02-05,1061,0,1,212.44
CUST_000501,2024-03-07,4,1117.19,159.59857142857143,12,4,Website,Credit Card,300,2020-01-11,1817,0,1,900.68
CUST_000502,2024-10-31,4,1803.59,257.6557142857143,13,5,Mobile App,Credit Card,62,2022-08-06,879,0,0,3044.04
CUST_000503,2024-11-17,4,3917.17,783.434,7,2,Mobile App,PayPal,45,2020-01-08,1820,0,0,3212.18
CUST_000504,2024-11-15,5,1999.54,199.954,17,6,Mobile App,Credit Card,47,2021-02-12,1419,1,0,2626.36
CUST_000505,2024-05-13,4,1620.79,231.54142857142855,12,5,Website,Google Pay,233,2022-07-24,892,0,1,2664.25
CUST_000506,2022-08-22,1,243.11,121.555,5,2,Website,Credit Card,863,2020-02-01,1796,0,1,49.46
CUST_000507,2024-09-15,5,528.63,66.07875,16,3,Website,PayPal,108,2022-09-10,844,0,1,1153.65
CUST_000509,2024-07-24,5,419.96,59.99428571428571,14,3,Mobile App,PayPal,161,2021-12-18,1110,0,1,694.76
CUST_000510,2024-02-16,3,490.81,70.11571428571429,13,4,Mobile App,PayPal,320,2021-01-21,1441,0,1,374.13
CUST_000511,2024-05-30,1,11.37,11.37,1,1,Website,Debit Card,216,2020-08-15,1600,0,1,2.61
CUST_000512,2023-01-27,2,186.01999999999998,93.00999999999999,7,2,Website,Bank Transfer,705,2021-10-01,1188,0,1,114.47
CUST_000514,2024-05-05,1,166.56,83.28,3,1,In-Store,Credit Card,241,2021-04-19,1353,0,1,45.12
CUST_000515,2024-06-09,2,817.4100000000001,163.48200000000003,8,3,Marketplace,Debit Card,206,2021-12-24,1104,0,1,543.12
CUST_000516,2024-05-06,2,44.8,14.933333333333332,5,3,Website,Apple Pay,240,2022-01-20,1077,0,1,30.49
CUST_000517,2024-02-21,4,142.01999999999998,28.403999999999996,6,3,Website,Credit Card,315,2020-07-25,1621,0,1,128.32
CUST_000519,2024-11-09,4,869.58,217.395,5,2,Website,Credit Card,53,2022-03-05,1033,0,0,1252.22
CUST_000520,2024-11-16,3,197.21999999999997,65.74,4,2,Mobile App,Credit Card,46,2022-01-26,1071,0,0,206.02
CUST_000521,2024-06-05,4,371.22,61.870000000000005,7,3,Marketplace,PayPal,210,2021-07-10,1271,0,1,428.45
CUST_000522,2024-12-12,10,2157.05,126.88529411764706,33,7,Website,Debit Card,20,2021-09-08,1211,1,0,6826.5
CUST_000523,2024-12-23,4,545.46,90.91000000000001,12,4,Website,Debit Card,9,2020-12-13,1480,0,0,597.88
CUST_000524,2024-09-25,4,44.16,8.831999999999999,9,2,Website,Apple Pay,98,2022-03-03,1035,0,1,62.93
CUST_000525,2022-06-09,2,634.3199999999999,317.15999999999997,2,1,Website,Credit Card,937,2020-08-21,1594,0,1,290.81
CUST_000526,2024-07-11,3,359.39,71.878,8,5,Website,Credit Card,174,2021-12-01,1127,0,1,351.19
CUST_000527,2024-10-18,2,254.42000000000002,63.605000000000004,7,3,Website,Credit Card,75,2020-02-13,1784,0,1,105.49
CUST_000528,2024-10-26,5,217.46,31.065714285714286,10,2,Mobile App,Debit Card,67,2022-01-06,1091,0,0,369.19
CUST_000529,2024-01-22,4,602.26,75.2825,15,6,Website,Debit Card,345,2022-07-30,886,0,1,995.31
CUST_000530,2024-11-25,3,2173.56,362.26,11,3,Website,Apple Pay,37,2020-05-21,1686,0,0,1449.81
CUST_000531,2023-12-21,4,419.78,69.96333333333332,8,5,Mobile App,Debit Card,377,2021-10-09,1180,0,1,520.77
CUST_000532,2022-12-29,1,329.90999999999997,164.95499999999998,7,2,Mobile App,Apple Pay,734,2020-06-24,1652,0,1,72.99
CUST_000533,2023-09-15,5,2367.33,263.03666666666663,25,4,Mobile App,Credit Card,474,2021-10-15,1174,1,1,3687.81
CUST_000534,2024-04-13,4,332.29,66.458,7,4,Website,Debit Card,263,2021-03-24,1379,0,1,353.15
CUST_000535,2023-11-03,4,1049.14,262.285,9,2,Website,Apple Pay,425,2021-08-14,1236,0,1,1242.19
CUST_000536,2023-02-21,3,621.25,155.3125,12,3,Mobile App,Apple Pay,680,2020-03-22,1746,0,1,390.19
CUST_000537,2024-09-24,4,2312.99,330.4271428571428,13,3,Website,Google Pay,99,2020-05-14,1693,0,1,2014.81
CUST_000538,2024-10-26,4,760.8,108.68571428571428,12,5,Website,Credit Card,67,2021-12-19,1109,0,0,1016.54
CUST_000539,2024-09-25,2,427.23999999999995,213.61999999999998,4,2,In-Store,Credit Card,98,2022-05-05,972,0,1,324.14
CUST_000540,2024-10-18,5,977.61,108.62333333333333,15,6,Mobile App,Credit Card,75,2020-06-25,1651,1,0,1095.05
CUST_000541,2022-05-05,1,96.25,96.25,1,1,Mobile App,Credit Card,972,2021-01-17,1445,0,1,24.34
CUST_000542,2024-04-01,4,334.84,66.96799999999999,15,2,Website,Debit Card,275,2020-08-30,1585,0,1,309.55
CUST_000543,2023-09-21,4,338.53000000000003,56.421666666666674,11,3,Website,PayPal,468,2021-07-20,1261,0,1,392.79
CUST_000544,2024-11-02,3,374.87,124.95666666666666,6,2,Mobile App,Debit Card,60,2020-05-20,1687,0,0,247.38
CUST_000545,2023-09-14,3,35.38,11.793333333333335,5,2,Website,Apple Pay,475,2021-04-01,1371,0,1,28.32
CUST_000546,2024-10-22,4,3745.87,749.174,10,3,Mobile App,Bank Transfer,71,2021-03-15,1388,0,0,3995.68
CUST_000547,2024-08-03,2,162.97,54.32333333333333,7,3,Website,Debit Card,151,2020-02-25,1772,0,1,67.58
CUST_000548,2024-01-23,2,85.17,42.585,3,2,Website,Credit Card,344,2021-06-10,1301,0,1,47.93
CUST_000549,2024-08-13,5,126.5,21.083333333333332,15,3,Website,PayPal,141,2021-11-27,1131,0,1,205.57
CUST_000550,2024-06-21,5,1101.71,122.41222222222223,18,5,Mobile App,Debit Card,194,2022-04-05,1002,1,1,2016.95
CUST_000551,2024-05-14,7,163.32,11.665714285714285,23,8,Mobile App,Credit Card,232,2021-02-22,1409,0,1,297.43
CUST_000552,2024-04-21,2,59.74,29.87,5,1,In-Store,Debit Card,255,2020-03-28,1740,0,1,25.16
CUST_000553,2024-04-23,3,1597.5,266.25,10,4,Mobile App,PayPal,253,2021-08-31,1219,0,1,1440.67
CUST_000554,2023-09-04,1,76.1,38.05,2,2,Website,Credit Card,485,2021-10-17,1172,0,1,23.75
CUST_000555,2024-11-24,2,130.66,43.553333333333335,6,2,Mobile App,Credit Card,38,2020-01-08,1820,0,0,53.79
CUST_000556,2023-11-13,3,607.4,101.23333333333333,6,5,In-Store,Debit Card,415,2021-04-21,1351,0,1,493.49
CUST_000557,2024-11-08,3,817.8,116.82857142857142,11,6,Mobile App,Apple Pay,54,2020-08-02,1613,0,0,565.45
CUST_000558,2024-08-05,7,2867.64,286.764,17,7,Website,Debit Card,149,2021-11-15,1143,1,1,6453.19
CUST_000559,2024-06-27,4,470.31,94.062,8,2,Mobile App,PayPal,188,2022-01-04,1093,0,1,631.57
CUST_000560,2024-08-03,6,164.96,23.565714285714286,12,3,Mobile App,Debit Card,151,2021-07-05,1276,0,1,285.0
CUST_000561,2023-08-05,4,667.85,111.30833333333334,6,3,Website,Debit Card,515,2021-05-11,1331,0,1,734.0
CUST_000562,2023-05-13,2,1370.74,274.148,8,3,Mobile App,Google Pay,599,2021-11-24,1134,0,1,883.87
CUST_000563,2024-06-29,5,6037.44,603.7439999999999,14,3,Website,PayPal,186,2021-05-17,1325,1,1,6907.84
CUST_000564,2023-10-14,2,179.18,89.59,4,2,Website,Credit Card,445,2022-02-20,1046,0,1,125.33
CUST_000565,2023-05-11,3,776.62,258.87333333333333,4,3,Marketplace,PayPal,601,2021-11-29,1129,0,1,754.49
CUST_000566,2024-12-05,4,248.95,41.49166666666667,13,3,Mobile App,Credit Card,27,2020-09-01,1583,0,0,238.11
CUST_000567,2023-01-02,2,502.42999999999995,100.48599999999999,7,3,Mobile App,Debit Card,730,2021-04-22,1350,0,1,272.06
CUST_000568,2022-06-07,1,68.0,68.0,1,1,Mobile App,Credit Card,939,2020-11-04,1519,0,1,16.36
CUST_000571,2022-12-23,1,303.89,151.945,4,2,Website,Credit Card,740,2020-06-03,1673,0,1,66.39
CUST_000572,2024-11-12,3,542.92,135.73,6,2,Website,Debit Card,50,2020-06-23,1653,0,0,366.84
CUST_000573,2024-10-20,4,588.77,98.12833333333333,11,4,Mobile App,Credit Card,73,2022-04-27,980,0,0,889.16
CUST_000574,2024-11-11,5,230.72000000000003,25.63555555555556,12,6,Website,PayPal,51,2020-04-24,1713,0,0,250.62
CUST_000575,2024-04-11,3,577.68,144.42,4,2,Website,Bank Transfer,265,2021-01-24,1438,0,1,441.55
CUST_000576,2024-05-14,3,165.71,41.4275,6,2,Website,PayPal,232,2020-11-06,1517,0,1,120.13
CUST_000577,2024-11-06,5,2594.44,370.63428571428574,13,3,Mobile App,Credit Card,56,2022-09-19,835,1,0,5771.74
CUST_000578,2024-10-08,4,665.89,133.178,8,4,Mobile App,Credit Card,85,2020-10-26,1528,0,0,643.74
CUST_000579,2024-08-13,5,1546.76,220.96571428571428,11,4,Mobile App,Credit Card,141,2020-01-18,1810,1,1,1570.64
CUST_000580,2024-09-16,6,743.42,123.90333333333332,17,2,In-Store,Credit Card,107,2022-02-22,1044,0,1,1574.05
CUST_000581,2024-10-11,5,1050.67,95.51545454545455,20,6,Website,Credit Card,82,2020-01-12,1816,1,0,1068.75
CUST_000582,2024-10-25,5,1869.5800000000002,207.73111111111112,12,5,Website,PayPal,68,2021-02-07,1424,1,0,2431.29
CUST_000583,2024-09-22,3,570.87,142.7175,6,3,Mobile App,Credit Card,101,2022-03-23,1015,0,1,621.96
CUST_000584,2023-11-04,3,216.91,36.151666666666664,16,5,In-Store,Bank Transfer,424,2021-12-04,1124,0,1,211.81
CUST_000585,2023-09-11,5,65.0,8.125,13,3,Website,Apple Pay,478,2020-08-19,1596,0,1,74.48
CUST_000586,2024-06-03,5,258.64,36.94857142857143,10,4,Website,PayPal,212,2022-08-12,873,0,1,543.24
CUST_000587,2024-07-04,3,2413.49,482.698,11,3,Marketplace,PayPal,181,2021-08-27,1223,0,1,2172.83
CUST_000588,2024-05-12,4,78.08,15.616,8,2,Website,Credit Card,234,2022-09-16,838,0,1,136.62
CUST_000589,2024-09-08,5,1437.53,239.58833333333334,15,4,Mobile App,Credit Card,115,2021-12-30,1098,1,1,2410.11
CUST_000590,2024-11-25,1,44.85,44.85,1,1,In-Store,PayPal,37,2020-10-04,1550,0,0,10.85
CUST_000591,2024-12-11,5,311.24,44.462857142857146,11,3,Website,Debit Card,21,2020-12-18,1475,0,0,403.43
CUST_000592,2023-05-15,4,2108.0,301.14285714285717,13,5,Website,Apple Pay,597,2022-09-25,829,0,1,3718.74
CUST_000593,2022-10-27,1,83.09,83.09,1,1,In-Store,Credit Card,797,2020-10-29,1525,0,1,19.91
CUST_000594,2024-09-12,4,1360.17,226.69500000000002,13,4,Mobile App,Debit Card,111,2021-06-24,1287,0,1,1556.91
CUST_000595,2024-07-16,4,1829.58,304.93,12,4,In-Store,Apple Pay,169,2021-04-14,1358,0,1,1978.64
CUST_000597,2023-10-12,4,988.63,141.23285714285714,14,4,Mobile App,PayPal,447,2020-03-17,1751,0,1,826.17
CUST_000598,2024-12-04,6,533.44,48.49454545454546,17,5,Website,PayPal,28,2021-06-04,1307,0,0,925.75
CUST_000599,2022-03-10,4,596.0799999999999,85.1542857142857,10,4,Mobile App,Credit Card,1028,2020-01-24,1804,0,1,482.88
CUST_000600,2024-12-22,2,126.29,63.145,2,2,Mobile App,PayPal,10,2020-01-15,1813,0,0,55.94
CUST_000601,2024-08-13,1,381.34,381.34,3,1,In-Store,PayPal,141,2021-11-06,1152,0,1,121.68
CUST_000602,2024-12-10,3,110.57,27.6425,6,4,Mobile App,Apple Pay,22,2021-06-08,1303,0,0,97.14
CUST_000603,2023-12-01,2,203.79,40.757999999999996,5,4,Mobile App,Credit Card,397,2020-12-12,1481,0,1,100.7
CUST_000604,2024-09-06,4,543.92,90.65333333333332,8,4,In-Store,Debit Card,117,2020-06-20,1656,0,1,483.64
CUST_000605,2023-10-23,2,29.21,14.605,4,1,Mobile App,Debit Card,436,2022-05-18,959,0,1,22.29
CUST_000606,2023-05-29,1,1008.97,504.485,2,2,Mobile App,Credit Card,583,2020-11-22,1501,0,1,245.77
CUST_000607,2023-03-14,1,63.27,63.27,1,1,In-Store,Credit Card,659,2021-12-12,1116,0,1,20.72
CUST_000608,2024-12-28,4,892.49,178.498,9,3,Mobile App,Credit Card,4,2021-04-29,1343,0,0,1212.8
CUST_000609,2023-03-07,2,117.3,58.65,6,1,Mobile App,Credit Card,666,2021-05-03,1339,0,1,64.05
CUST_000610,2024-08-27,3,1470.4,245.0666666666667,12,5,Mobile App,PayPal,127,2021-04-06,1366,0,1,1187.97
CUST_000611,2024-07-03,3,874.3,218.575,10,3,Website,Bank Transfer,182,2021-01-12,1450,0,1,663.87
CUST_000612,2024-08-25,1,156.71,156.71,2,1,Mobile App,Credit Card,129,2021-08-10,1240,0,1,46.49
CUST_000613,2024-09-26,6,1039.31,86.60916666666667,24,5,Website,Apple Pay,97,2020-06-12,1664,1,1,1381.94
CUST_000615,2022-05-01,1,1211.51,403.83666666666664,7,3,Mobile App,PayPal,976,2021-07-26,1255,0,1,352.71
CUST_000616,2022-11-05,1,89.72,89.72,1,1,Website,Debit Card,788,2022-09-26,828,0,1,39.6
CUST_000617,2022-08-03,1,4.25,4.25,1,1,Mobile App,Credit Card,882,2022-09-03,851,0,1,1.82
CUST_000618,2024-10-04,3,2749.67,392.81,14,4,Website,Credit Card,89,2021-02-27,1404,0,0,2168.6
CUST_000619,2023-10-26,2,1380.99,276.198,6,4,Website,Credit Card,433,2022-01-26,1071,0,1,943.46
CUST_000620,2024-05-16,4,133.52,26.704,8,3,Mobile App,Debit Card,230,2021-04-21,1351,0,1,144.92
CUST_000621,2024-11-11,4,251.83,50.366,8,4,Website,PayPal,51,2021-01-16,1446,0,0,259.25
CUST_000622,2024-09-13,2,79.17,15.834,5,5,Mobile App,Credit Card,110,2020-06-03,1673,0,1,34.86
CUST_000623,2023-11-04,2,253.36,126.68,3,1,In-Store,Bank Transfer,424,2020-09-13,1571,0,1,118.01
CUST_000624,2022-12-24,3,188.31,37.662,6,3,Mobile App,Debit Card,739,2022-01-25,1072,0,1,192.61
CUST_000625,2023-11-16,3,1388.76,347.19,7,4,Mobile App,Credit Card,412,2021-11-04,1154,0,1,1320.96
CUST_000626,2024-12-06,1,449.53,224.765,7,2,Mobile App,Debit Card,26,2020-03-08,1760,0,0,96.81
CUST_000627,2022-11-06,3,72.1,18.025,7,2,In-Store,Credit Card,787,2020-12-09,1484,0,1,53.27
CUST_000628,2023-01-04,1,207.07,207.07,1,1,Mobile App,Debit Card,728,2020-10-03,1551,0,1,48.8
CUST_000629,2024-06-03,6,272.68,38.95428571428572,16,2,Website,Credit Card,212,2021-11-03,1155,0,1,519.47
CUST_000630,2023-11-07,1,104.41,52.205,2,2,Website,PayPal,421,2021-01-25,1437,0,1,26.58
CUST_000631,2023-04-10,2,314.76,104.92,4,3,Website,Credit Card,632,2021-03-24,1379,0,1,166.89
CUST_000632,2024-05-19,3,23.25,5.8125,5,2,Website,PayPal,227,2020-09-15,1569,0,1,16.3
CUST_000633,2023-09-09,2,49.75,24.875,2,2,Mobile App,Credit Card,480,2020-11-02,1521,0,1,23.93
CUST_000634,2024-08-09,3,208.62,69.54,4,1,Mobile App,Debit Card,145,2022-04-26,981,0,1,234.47
CUST_000635,2024-04-04,3,485.01,161.67,5,3,In-Store,Debit Card,272,2020-04-04,1733,0,1,307.58
CUST_000636,2024-10-27,3,947.13,157.855,8,3,Website,Credit Card,66,2022-08-07,878,0,0,1199.11
CUST_000637,2022-12-06,2,955.61,318.5366666666667,6,3,Website,Credit Card,757,2021-04-08,1364,0,1,512.11
CUST_000638,2024-09-17,3,70.57000000000001,17.642500000000002,6,3,Mobile App,Debit Card,106,2022-08-27,858,0,1,90.91
CUST_000639,2024-12-20,8,386.17,29.705384615384617,23,5,Website,Credit Card,12,2020-09-02,1582,0,0,772.18
CUST_000640,2024-08-06,3,662.35,110.39166666666667,14,4,In-Store,Credit Card,148,2022-01-02,1095,0,1,666.83
CUST_000641,2024-08-19,7,2102.52,191.1381818181818,17,5,In-Store,Apple Pay,135,2021-09-26,1193,1,1,4536.24
CUST_000642,2023-08-08,5,12901.02,1612.6275,15,4,Mobile App,Credit Card,512,2020-07-05,1641,1,1,6907.84
CUST_000643,2023-08-03,3,135.75,45.25,6,2,In-Store,Apple Pay,517,2022-02-12,1054,0,1,141.3
CUST_000645,2022-07-15,2,157.66,78.83,3,1,Mobile App,Credit Card,901,2022-02-23,1043,0,1,110.47
CUST_000646,2024-10-01,3,80.62,20.155,6,3,Website,PayPal,92,2021-01-07,1455,0,1,61.33
CUST_000647,2024-07-06,3,558.31,186.10333333333332,5,2,Mobile App,Debit Card,179,2021-07-25,1256,0,1,489.46
CUST_000648,2024-10-26,7,1097.03,84.38692307692307,19,5,Website,Credit Card,67,2021-02-09,1422,1,0,2000.52
CUST_000649,2024-09-24,3,146.9,29.380000000000003,11,3,Website,Debit Card,99,2021-02-11,1420,0,1,114.42
CUST_000650,2022-03-04,1,84.6,28.2,3,3,Mobile App,PayPal,1034,2020-05-04,1703,0,1,18.15
CUST_000652,2024-07-02,4,2271.08,324.44,19,4,In-Store,PayPal,183,2020-12-06,1487,0,1,2242.03
CUST_000653,2024-02-22,2,1970.68,492.67,5,4,Mobile App,Debit Card,314,2021-07-16,1265,0,1,1140.85
CUST_000654,2024-08-03,4,150.58999999999997,21.51285714285714,11,4,Mobile App,Debit Card,151,2020-06-26,1650,0,1,134.13
CUST_000655,2022-08-27,1,19.0,19.0,1,1,Mobile App,Apple Pay,858,2021-10-12,1177,0,1,5.9
CUST_000656,2024-04-19,2,35.8,11.933333333333332,5,3,Website,Debit Card,257,2022-08-09,876,0,1,29.95
CUST_000657,2023-10-18,7,396.11,49.51375,12,4,Website,Debit Card,441,2022-04-18,989,0,1,1025.64
CUST_000658,2024-10-29,1,841.65,841.65,1,1,Website,Debit Card,64,2020-06-18,1658,0,1,188.18
CUST_000659,2023-07-02,4,180.3,30.05,6,4,In-Store,Credit Card,549,2020-02-08,1789,0,1,147.41
CUST_000660,2024-05-01,5,639.19,127.83800000000001,9,3,Website,Bank Transfer,245,2020-03-09,1759,0,1,665.88
CUST_000661,2024-02-26,3,3229.7,807.425,7,3,In-Store,Debit Card,310,2020-08-23,1592,0,1,2228.6
CUST_000662,2023-06-27,3,91.48,30.493333333333336,4,2,Website,Credit Card,554,2021-07-13,1268,0,1,79.14
CUST_000663,2024-10-09,3,715.29,143.058,10,4,Mobile App,PayPal,84,2021-01-15,1447,0,0,547.73
CUST_000664,2024-06-13,2,337.89,84.4725,5,3,Website,Debit Card,202,2020-02-26,1771,0,1,139.97
CUST_000665,2024-04-03,4,397.67,44.18555555555556,12,4,Website,PayPal,273,2020-10-03,1551,0,1,375.71
CUST_000666,2024-02-12,2,88.66,44.33,4,1,Mobile App,Credit Card,324,2022-04-29,978,0,1,66.38
CUST_000667,2023-09-20,5,467.20000000000005,58.400000000000006,12,4,Website,Debit Card,469,2020-04-08,1729,0,1,494.19
CUST_000668,2024-07-29,3,720.03,180.0075,7,3,Website,Debit Card,156,2022-07-04,912,0,1,870.05
CUST_000669,2023-12-13,4,314.97,44.99571428571429,15,5,Mobile App,Apple Pay,385,2021-06-10,1301,0,1,354.38
CUST_000670,2024-10-10,1,38.33,38.33,2,1,Website,Debit Card,83,2020-11-20,1503,0,1,9.42
CUST_000671,2024-04-25,1,375.99,187.995,5,2,Mobile App,PayPal,251,2021-04-05,1367,0,1,100.79
CUST_000672,2024-12-13,3,195.32,48.83,8,2,In-Store,Debit Card,19,2020-06-27,1649,0,0,136.53
CUST_000673,2024-01-18,2,150.89,50.29666666666666,5,3,Marketplace,Debit Card,349,2022-04-23,984,0,1,112.26
CUST_000674,2023-08-05,4,1325.76,189.3942857142857,15,6,Mobile App,Debit Card,515,2021-07-27,1254,0,1,1546.55
CUST_000675,2024-10-15,3,1267.66,181.09428571428572,14,5,Website,PayPal,78,2020-04-28,1709,0,0,822.64
CUST_000676,2024-10-29,8,790.29,65.8575,19,6,Website,Credit Card,64,2021-04-13,1359,0,0,1724.58
CUST_000677,2024-12-12,3,467.45,155.81666666666666,5,1,Website,Credit Card,20,2021-07-02,1279,0,0,420.21
CUST_000678,2023-11-25,1,45.67,45.67,1,1,Website,Debit Card,403,2021-10-07,1182,0,1,14.14
CUST_000679,2023-04-16,2,402.40999999999997,201.20499999999998,2,1,Marketplace,Credit Card,626,2021-03-30,1373,0,1,214.3
CUST_000680,2024-07-07,3,693.79,86.72375,15,6,In-Store,Google Pay,178,2020-01-26,1802,0,1,423.96
CUST_000681,2024-10-11,4,314.37,44.910000000000004,12,6,Website,Credit Card,82,2021-05-04,1338,0,0,347.22
CUST_000682,2024-02-28,4,2359.13,393.18833333333333,9,4,Website,Credit Card,308,2020-01-08,1820,0,1,1898.63
CUST_000683,2024-10-13,2,4496.09,2248.045,6,2,Mobile App,Apple Pay,80,2022-08-26,859,0,1,3868.65
CUST_000684,2024-11-09,1,42.37,42.37,1,1,Website,Debit Card,53,2022-09-13,841,0,0,18.74
CUST_000685,2024-10-20,2,891.69,178.33800000000002,7,4,Mobile App,Debit Card,73,2021-05-30,1312,0,1,502.93
CUST_000686,2024-07-27,3,609.88,121.976,8,3,In-Store,PayPal,158,2021-06-16,1295,0,1,518.95
CUST_000687,2024-11-22,2,100.99000000000001,33.663333333333334,5,2,In-Store,Credit Card,40,2022-07-15,901,0,0,83.87
CUST_000688,2024-06-11,4,370.04,61.67333333333334,11,5,Mobile App,Credit Card,204,2020-05-28,1679,0,1,323.35
CUST_000689,2024-09-05,3,111.44999999999999,22.29,5,3,In-Store,Credit Card,118,2021-05-02,1340,0,1,91.84
CUST_000690,2023-09-10,2,669.77,223.25666666666666,5,2,Website,Credit Card,479,2020-01-25,1803,0,1,271.74
CUST_000691,2022-11-19,1,74.12,74.12,1,1,Mobile App,Google Pay,774,2022-09-25,829,0,1,32.68
CUST_000692,2024-04-04,2,411.25,137.08333333333334,5,3,In-Store,Credit Card,272,2021-10-16,1173,0,1,256.88
CUST_000693,2024-08-17,7,137.7,17.2125,14,4,Website,Debit Card,137,2022-01-26,1071,0,1,330.9
CUST_000694,2023-06-29,1,53.55,53.55,1,1,Mobile App,Bank Transfer,552,2022-07-19,897,0,1,21.83
CUST_000695,2024-08-05,7,1234.82,112.25636363636363,13,5,Website,Debit Card,149,2022-08-02,883,1,1,3596.99
CUST_000697,2023-07-12,2,657.98,328.99,3,1,Mobile App,Debit Card,539,2021-02-28,1403,0,1,342.99
CUST_000698,2022-09-02,1,379.76,126.58666666666666,3,3,In-Store,Credit Card,852,2020-10-19,1535,0,1,90.41
CUST_000699,2022-09-27,4,204.01,29.14428571428571,10,5,Website,Bank Transfer,827,2020-07-03,1643,0,1,181.51
CUST_000700,2024-07-10,2,186.56,62.18666666666667,4,2,Website,Debit Card,175,2021-07-07,1274,0,1,107.51
CUST_000701,2023-12-28,1,870.03,870.03,4,1,Website,Debit Card,370,2021-03-06,1397,0,1,227.93
CUST_000702,2024-05-01,5,698.87,87.35875,14,5,Website,Debit Card,245,2021-08-26,1224,0,1,1046.28
CUST_000703,2024-08-18,6,512.47,56.94111111111111,16,5,Marketplace,Bank Transfer,136,2020-11-12,1511,0,1,748.22
CUST_000704,2024-05-12,2,282.27,94.08999999999999,6,2,Website,PayPal,234,2021-02-01,1430,0,1,144.71
CUST_000705,2024-02-16,5,168.18,21.0225,9,5,Website,Credit Card,320,2020-11-19,1504,0,1,204.71
CUST_000706,2024-07-24,6,156.21,19.52625,11,4,Website,Credit Card,161,2021-07-18,1263,0,1,272.55
CUST_000707,2023-08-11,1,174.06,87.03,4,2,Mobile App,Google Pay,509,2021-08-18,1232,0,1,51.67
CUST_000708,2024-04-25,5,393.32,56.18857142857143,18,5,Website,Credit Card,251,2021-06-29,1282,0,1,562.14
CUST_000709,2024-04-06,4,154.59,38.6475,10,1,Website,Apple Pay,270,2020-03-16,1752,0,1,129.3
CUST_000710,2024-11-04,5,2650.96,331.37,13,3,Website,Credit Card,58,2022-05-14,963,1,0,5110.5
CUST_000711,2024-09-06,3,214.03,42.806,5,3,Mobile App,Apple Pay,117,2022-07-08,908,0,1,260.31
CUST_000712,2024-07-01,2,76.61000000000001,38.30500000000001,2,1,Mobile App,Bank Transfer,184,2022-07-04,912,0,1,61.65
CUST_000713,2024-09-09,3,77.53,19.3825,6,2,In-Store,Credit Card,114,2021-12-09,1119,0,1,76.53
CUST_000714,2024-05-28,4,306.85,76.7125,5,3,Mobile App,Apple Pay,218,2021-04-30,1342,0,1,335.36
CUST_000715,2024-12-12,2,31.3,15.65,3,1,Mobile App,Apple Pay,20,2022-03-08,1030,0,0,23.29
CUST_000716,2024-02-29,5,2068.42,229.82444444444445,15,4,Website,Credit Card,307,2020-03-28,1740,1,1,2176.53
CUST_000717,2024-11-04,3,277.03,92.34333333333332,9,1,Mobile App,Apple Pay,58,2022-01-16,1081,0,0,285.46
CUST_000718,2023-12-22,2,1024.36,256.09,5,4,Marketplace,Debit Card,376,2020-08-19,1596,0,1,469.78
CUST_000719,2024-08-08,4,440.7,88.14,11,4,Website,Credit Card,146,2020-01-07,1821,0,1,355.75
CUST_000720,2023-12-16,2,678.93,226.30999999999997,5,3,In-Store,Credit Card,382,2022-03-14,1024,0,1,485.27
CUST_000721,2024-01-29,3,149.59,37.3975,8,2,Mobile App,PayPal,338,2021-07-03,1278,0,1,128.55
CUST_000722,2024-09-28,3,203.5,50.875,5,2,Website,Credit Card,95,2022-09-02,852,0,1,264.29
CUST_000723,2024-04-27,3,547.0,109.4,9,3,Mobile App,PayPal,249,2020-02-21,1776,0,1,338.61
CUST_000724,2024-10-02,4,391.94,65.32333333333334,19,3,Website,Credit Card,91,2021-10-16,1173,0,1,493.2
CUST_000725,2024-09-04,6,134.67000000000002,14.963333333333335,15,5,Website,Credit Card,119,2022-07-30,886,0,1,335.67
CUST_000726,2024-04-30,2,367.2,61.199999999999996,8,4,In-Store,Credit Card,246,2022-07-07,909,0,1,296.09
CUST_000727,2022-10-03,4,48.33,9.666,9,4,Website,Credit Card,821,2021-01-30,1432,0,1,49.34
CUST_000728,2022-12-16,4,2247.18,280.8975,14,5,Website,Bank Transfer,747,2020-08-08,1607,0,1,2044.35
CUST_000729,2024-01-11,3,358.54,59.75666666666667,13,3,Mobile App,Credit Card,356,2021-03-03,1400,0,1,281.22
CUST_000730,2024-06-19,2,305.3,76.325,7,3,Website,Debit Card,196,2022-01-21,1076,0,1,208.18
CUST_000731,2023-12-13,3,100.96,33.65333333333333,6,1,Marketplace,PayPal,385,2020-05-22,1685,0,1,65.78
CUST_000732,2022-06-05,2,238.37,59.5925,8,4,Mobile App,Credit Card,941,2022-05-10,967,0,1,180.14
CUST_000733,2024-12-19,3,91.66,18.332,15,2,Website,Google Pay,13,2020-12-28,1465,0,0,73.78
CUST_000734,2024-08-28,2,2036.37,678.79,8,3,Website,Bank Transfer,126,2021-01-16,1446,0,1,1036.2
CUST_000735,2024-11-01,4,130.45,32.6125,7,2,Website,Credit Card,61,2021-07-14,1267,0,0,152.79
CUST_000736,2024-08-25,1,136.17,136.17,3,1,In-Store,Credit Card,129,2020-10-03,1551,0,1,32.29
CUST_000737,2022-09-18,2,405.61,202.805,4,1,Mobile App,Credit Card,836,2020-09-27,1557,0,1,190.4
CUST_000738,2024-12-27,5,1740.67,174.067,16,5,Website,Credit Card,5,2020-01-14,1814,1,0,2101.47
CUST_000739,2024-11-24,4,1011.23,202.246,9,3,Website,Credit Card,38,2020-10-24,1530,0,0,990.36
CUST_000740,2023-05-25,3,204.71,40.942,7,5,Website,Credit Card,587,2021-04-08,1364,0,1,164.62
CUST_000741,2022-01-23,1,89.05,89.05,2,1,In-Store,Credit Card,1074,2021-06-10,1301,0,1,25.01
CUST_000742,2024-06-20,4,266.63,53.326,7,3,In-Store,Debit Card,195,2020-08-21,1594,0,1,245.47
CUST_000743,2023-03-17,1,74.3,74.3,2,1,In-Store,Credit Card,656,2021-07-28,1253,0,1,21.68
CUST_000744,2022-01-20,1,35.0,11.666666666666666,6,2,Website,Debit Card,1077,2021-12-08,1120,0,1,11.42
CUST_000745,2023-12-16,3,444.88,88.976,8,4,Mobile App,Credit Card,382,2020-01-27,1801,0,1,271.19
CUST_000746,2024-11-25,6,854.09,122.01285714285714,12,4,Mobile App,Credit Card,37,2021-04-15,1357,0,0,1415.63
CUST_000747,2024-10-20,4,332.62,47.51714285714286,8,4,Website,Bank Transfer,73,2020-04-02,1735,0,0,283.73
CUST_000748,2024-07-11,5,400.89,50.11125,17,5,Mobile App,Apple Pay,174,2021-09-08,1211,0,1,607.62
CUST_000749,2024-05-17,2,101.64,50.82,5,2,Mobile App,Credit Card,229,2020-11-04,1519,0,1,49.06
CUST_000750,2022-04-28,1,153.72,76.86,4,2,Website,Credit Card,979,2020-02-21,1776,0,1,31.62
CUST_000751,2024-04-04,2,494.15,247.075,3,1,Website,Credit Card,272,2020-11-14,1509,0,1,239.93
CUST_000752,2024-03-22,2,404.04,80.808,10,3,In-Store,Google Pay,285,2022-08-26,859,0,1,344.57
CUST_000753,2024-12-10,5,936.6600000000001,85.1509090909091,15,5,In-Store,Debit Card,22,2020-06-29,1647,1,0,1085.07
CUST_000754,2024-04-26,1,289.47,289.47,2,1,Website,Debit Card,250,2021-07-22,1259,0,1,84.26
CUST_000755,2024-04-03,4,663.75,132.75,10,2,Mobile App,Debit Card,273,2020-04-29,1708,0,1,569.45
CUST_000756,2024-02-15,8,183.07000000000002,15.255833333333335,23,6,In-Store,Credit Card,321,2022-03-30,1008,0,1,531.97
CUST_000757,2022-11-03,1,110.47,55.235,2,2,Mobile App,Debit Card,790,2022-05-24,953,0,1,42.36
CUST_000758,2023-04-12,2,542.27,180.75666666666666,6,3,Mobile App,Apple Pay,630,2020-02-12,1785,0,1,222.12
CUST_000759,2023-04-15,3,120.13,40.04333333333333,6,1,In-Store,Apple Pay,627,2021-10-08,1181,0,1,111.56
CUST_000760,2023-09-09,1,190.09,95.045,4,2,Mobile App,Debit Card,480,2022-06-03,943,0,1,73.73
CUST_000761,2024-07-09,3,382.52,95.63,7,2,Mobile App,Credit Card,176,2022-07-26,890,0,1,473.3
CUST_000762,2024-03-10,3,684.24,171.06,11,3,In-Store,Debit Card,297,2020-09-16,1568,0,1,479.44
CUST_000763,2024-09-19,6,154.71,15.471,15,4,Mobile App,Credit Card,104,2020-07-15,1631,0,1,209.73
CUST_000764,2023-06-02,2,430.55,143.51666666666668,4,3,Mobile App,Bank Transfer,579,2021-10-06,1183,0,1,266.14
CUST_000765,2024-08-25,2,84.96,21.24,7,3,In-Store,Credit Card,129,2022-08-28,857,0,1,72.93
CUST_000766,2024-12-21,5,108.1,13.5125,10,5,Marketplace,PayPal,11,2020-09-11,1573,0,0,136.82
CUST_000767,2024-05-08,1,37.52,37.52,1,1,Mobile App,PayPal,238,2022-01-01,1096,0,1,12.55
CUST_000768,2024-06-01,2,191.28,63.76,4,1,Mobile App,PayPal,214,2020-12-01,1492,0,1,94.03
CUST_000769,2024-07-09,4,3978.92,568.4171428571428,8,4,Mobile App,Debit Card,176,2021-07-06,1275,0,1,4582.14
CUST_000770,2023-07-10,3,39.05,13.016666666666666,6,1,Website,Credit Card,541,2021-05-16,1326,0,1,32.31
CUST_000771,2024-05-04,5,2342.31,334.61571428571426,14,5,Mobile App,Debit Card,242,2022-09-16,838,1,1,5122.17
CUST_000772,2022-05-21,1,85.32,85.32,1,1,Mobile App,PayPal,956,2022-06-18,928,0,1,33.59
CUST_000773,2024-04-25,2,1207.11,402.36999999999995,6,3,Website,Debit Card,251,2020-09-11,1573,0,1,562.43
CUST_000774,2024-08-18,3,607.72,101.28666666666668,14,4,Marketplace,Apple Pay,136,2021-05-28,1314,0,1,510.16
CUST_000775,2024-09-21,3,228.3,45.660000000000004,6,4,Website,Apple Pay,102,2021-12-07,1121,0,1,225.19
CUST_000776,2024-07-02,4,351.27,87.8175,5,1,Website,Debit Card,183,2020-08-29,1586,0,1,325.13
CUST_000777,2024-10-17,3,29.91,9.97,4,2,In-Store,PayPal,76,2020-05-28,1679,0,0,19.76
CUST_000778,2024-07-04,3,881.48,146.91333333333333,9,3,Website,Credit Card,181,2021-12-10,1118,0,1,868.12
CUST_000779,2022-06-07,2,106.93,35.64333333333334,3,2,Website,Debit Card,939,2020-10-25,1529,0,1,51.11
CUST_000781,2024-10-16,3,728.61,121.435,9,4,Mobile App,Debit Card,77,2022-04-29,978,0,0,826.37
CUST_000782,2023-09-17,3,165.53,33.106,9,4,Mobile App,Apple Pay,472,2021-09-11,1208,0,1,150.36
CUST_000783,2024-04-19,6,1584.2399999999998,176.02666666666664,17,5,Mobile App,Credit Card,257,2021-03-28,1375,1,1,2533.08
CUST_000784,2024-01-11,4,845.09,140.84833333333333,7,4,In-Store,Credit Card,356,2021-01-27,1435,0,1,862.23
CUST_000785,2024-04-05,1,27.3,27.3,3,1,Mobile App,PayPal,271,2020-07-30,1616,0,1,6.19
CUST_000786,2024-08-12,1,254.63,254.63,4,1,Website,Apple Pay,142,2021-10-29,1160,0,1,80.68
CUST_000787,2024-12-19,5,1849.58,231.1975,15,3,Mobile App,Credit Card,13,2021-06-21,1290,1,0,2817.93
CUST_000788,2024-01-12,1,5.0,5.0,1,1,Mobile App,Debit Card,355,2021-08-16,1234,0,1,1.48
CUST_000789,2023-11-05,4,625.91,156.4775,6,2,In-Store,Credit Card,423,2021-08-17,1233,0,1,742.89
CUST_000790,2024-12-06,4,589.52,117.904,7,3,Mobile App,Credit Card,26,2020-05-10,1697,0,0,526.7
CUST_000791,2024-12-10,6,1828.53,182.853,17,4,Mobile App,Credit Card,22,2020-11-24,1499,1,0,2792.86
CUST_000792,2024-09-25,5,298.89,29.889,16,5,In-Store,Credit Card,98,2021-09-03,1216,0,1,453.16
CUST_000793,2022-02-16,1,78.86,78.86,1,1,Mobile App,Debit Card,1050,2020-09-12,1572,0,1,18.33
CUST_000794,2024-02-14,3,139.45,27.889999999999997,6,3,Website,Debit Card,322,2021-04-23,1349,0,1,113.54
CUST_000795,2024-10-28,8,816.7,68.05833333333334,21,5,Mobile App,Apple Pay,65,2021-07-14,1267,0,0,1911.17
CUST_000796,2024-06-17,2,122.99000000000001,40.99666666666667,5,3,Mobile App,Debit Card,198,2022-07-01,915,0,1,98.62
CUST_000797,2024-08-11,3,31.68,7.92,6,4,Mobile App,PayPal,143,2020-03-03,1765,0,1,19.79
CUST_000798,2024-08-18,4,457.84000000000003,91.56800000000001,13,2,Marketplace,Credit Card,136,2020-11-06,1517,0,1,443.88
CUST_000799,2024-08-26,3,64.5,16.125,11,4,Mobile App,Credit Card,128,2021-02-10,1421,0,1,50.09
CUST_000800,2024-06-28,4,72.02,9.0025,12,4,Mobile App,Bank Transfer,187,2022-03-12,1026,0,1,103.03
CUST_000801,2024-01-07,1,13.54,13.54,1,1,Website,Bank Transfer,360,2020-04-14,1723,0,1,2.88
CUST_000803,2024-12-21,2,415.20000000000005,103.80000000000001,11,3,Website,Credit Card,11,2022-04-16,991,0,0,333.65
CUST_000804,2023-11-21,3,2461.22,615.305,6,2,Website,Apple Pay,407,2020-01-15,1813,0,1,1490.16
CUST_000805,2024-10-22,2,894.37,178.874,8,4,In-Store,Debit Card,71,2021-11-17,1141,0,1,580.27
CUST_000806,2024-03-03,4,1033.66,172.27666666666667,13,4,Mobile App,Apple Pay,304,2020-09-15,1569,0,1,965.01
CUST_000807,2024-11-23,6,789.55,71.77727272727272,17,5,Mobile App,Credit Card,39,2021-12-23,1105,0,0,1604.93
CUST_000808,2022-03-17,1,22.369999999999997,11.184999999999999,2,2,Mobile App,PayPal,1021,2021-02-15,1416,0,1,5.77
CUST_000809,2024-04-03,3,280.68,46.78,13,5,In-Store,PayPal,273,2020-09-15,1569,0,1,196.6
CUST_000810,2024-11-06,1,55.480000000000004,27.740000000000002,5,1,Website,PayPal,56,2021-09-05,1214,0,0,16.98
CUST_000811,2024-05-06,3,430.65,86.13,8,3,In-Store,PayPal,240,2020-09-16,1568,0,1,301.99
CUST_000812,2023-04-05,4,316.05,45.15,12,4,Mobile App,Debit Card,637,2022-05-05,972,0,1,475.47
CUST_000813,2023-09-13,3,7580.22,1263.3700000000001,10,4,Mobile App,Bank Transfer,476,2021-11-01,1157,0,1,6907.84
CUST_000814,2024-08-21,1,133.57,44.52333333333333,6,3,Mobile App,PayPal,133,2020-02-14,1783,0,1,27.55
CUST_000815,2023-02-17,4,389.89,48.73625,13,7,Mobile App,Credit Card,684,2022-08-12,873,0,1,653.0
CUST_000816,2024-12-19,4,1463.32,182.915,17,4,Website,Credit Card,13,2022-03-23,1015,0,0,2266.79
CUST_000817,2022-08-06,1,6.54,6.54,1,1,Mobile App,PayPal,879,2022-02-01,1065,0,1,2.24
CUST_000818,2024-07-19,4,753.76,188.44,14,2,Website,Credit Card,166,2020-11-26,1497,0,1,739.56
CUST_000819,2024-03-30,7,394.75,30.365384615384617,18,8,Website,PayPal,277,2020-06-13,1663,0,1,608.68
CUST_000820,2024-10-16,4,360.62,72.124,6,2,Mobile App,Credit Card,77,2020-07-11,1635,0,0,326.2
CUST_000821,2024-06-20,5,299.90999999999997,29.990999999999996,22,7,Mobile App,Debit Card,195,2021-06-04,1307,0,1,420.92
CUST_000822,2024-09-18,3,93.95,18.79,7,4,Mobile App,Credit Card,105,2021-02-04,1427,0,1,72.78
CUST_000823,2024-01-03,2,56.49,28.245,3,2,In-Store,Credit Card,364,2021-01-08,1454,0,1,28.44
CUST_000824,2024-12-20,3,801.51,160.302,9,3,Website,Credit Card,12,2020-03-05,1763,0,0,539.3
CUST_000825,2024-06-26,2,209.36,69.78666666666668,4,2,Website,Credit Card,189,2021-01-21,1441,0,1,106.62
CUST_000826,2024-08-18,5,593.88,74.235,10,4,Mobile App,Credit Card,136,2021-05-09,1333,0,1,819.06
CUST_000827,2022-12-26,2,202.7,50.675,10,3,Website,Debit Card,737,2022-03-04,1034,0,1,143.3
CUST_000828,2024-01-24,2,206.51999999999998,41.303999999999995,8,4,In-Store,Debit Card,343,2021-11-23,1135,0,1,133.22
CUST_000829,2024-12-18,5,357.9,59.65,10,5,Website,Debit Card,14,2021-02-18,1413,0,0,495.27
CUST_000830,2024-12-27,4,259.61,43.26833333333334,8,5,Mobile App,Google Pay,5,2022-03-04,1034,0,0,439.88
CUST_000831,2022-05-12,1,59.53,19.843333333333334,5,3,Marketplace,PayPal,965,2022-03-01,1037,0,1,20.97
CUST_000832,2022-12-04,1,32.29,32.29,2,1,Website,PayPal,759,2020-01-30,1798,0,1,6.56
CUST_000833,2023-08-30,3,172.6,24.657142857142855,12,5,In-Store,Credit Card,490,2020-09-22,1562,0,1,121.24
CUST_000834,2023-12-24,3,304.30999999999995,76.07749999999999,7,3,Marketplace,Credit Card,374,2020-11-23,1500,0,1,222.74
CUST_000835,2024-09-02,2,458.25,152.75,7,2,Website,Credit Card,121,2021-05-06,1336,0,1,252.46
CUST_000836,2024-07-26,3,109.63,27.4075,6,3,Website,Bank Transfer,159,2020-08-04,1611,0,1,74.98
CUST_000837,2024-12-22,2,59.91,29.955,3,2,Marketplace,Apple Pay,10,2020-11-15,1508,0,0,31.9
CUST_000838,2024-07-12,3,263.79,43.965,10,3,Website,PayPal,173,2022-07-06,910,0,1,319.25
CUST_000839,2024-09-11,6,233.77,33.395714285714284,11,2,Website,Credit Card,112,2021-02-02,1429,0,1,361.46
CUST_000840,2024-05-31,2,166.0,55.333333333333336,4,2,In-Store,Credit Card,215,2022-06-09,937,0,1,129.93
CUST_000841,2024-10-22,7,154.89,19.36125,11,6,Mobile App,Credit Card,71,2020-04-14,1723,0,0,232.92
CUST_000842,2024-12-29,3,373.75,93.4375,5,2,Mobile App,Credit Card,3,2021-11-26,1132,0,0,482.05
CUST_000843,2024-10-18,1,56.1,18.7,5,3,Website,Credit Card,75,2020-11-25,1498,0,1,13.85
CUST_000844,2022-05-19,3,2122.46,530.615,7,4,In-Store,Credit Card,958,2021-10-21,1168,0,1,1991.88
CUST_000845,2022-08-13,1,40.63,40.63,2,1,Website,Credit Card,872,2021-09-08,1211,0,1,12.26
CUST_000846,2024-10-25,4,765.01,109.28714285714285,12,5,Mobile App,Debit Card,68,2020-02-16,1781,0,0,636.35
CUST_000847,2023-11-03,4,157.36,22.48,14,5,In-Store,Credit Card,425,2021-08-21,1229,0,1,187.38
CUST_000848,2024-09-13,2,333.38,66.676,8,3,Website,PayPal,110,2022-03-31,1007,0,1,243.87
CUST_000851,2023-12-30,2,162.57999999999998,81.28999999999999,2,2,Mobile App,Debit Card,368,2022-02-08,1058,0,1,112.48
CUST_000852,2023-08-06,1,109.1,54.55,4,2,Website,Debit Card,514,2020-11-09,1514,0,1,26.35
CUST_000853,2024-08-07,3,302.90000000000003,60.580000000000005,6,4,Website,Debit Card,147,2020-05-26,1681,0,1,198.65
CUST_000854,2024-09-27,3,238.45,47.69,12,3,Mobile App,Bank Transfer,96,2022-08-15,870,0,1,303.24
CUST_000855,2024-09-03,7,601.46,54.67818181818182,21,6,Mobile App,Debit Card,120,2021-04-06,1366,0,1,1134.36
CUST_000856,2024-07-14,4,239.39000000000001,29.923750000000002,17,6,In-Store,Apple Pay,171,2021-08-06,1244,0,1,282.6
CUST_000857,2024-03-06,2,121.66,40.553333333333335,3,2,Mobile App,PayPal,301,2021-04-30,1342,0,1,66.4
CUST_000858,2022-05-12,1,5.03,5.03,1,1,Mobile App,Credit Card,965,2021-10-13,1176,0,1,1.56
CUST_000859,2024-05-10,4,901.4300000000001,81.94818181818182,27,9,Mobile App,PayPal,236,2021-02-13,1418,0,1,932.06
CUST_000860,2022-03-07,1,9.8,9.8,1,1,Mobile App,Debit Card,1031,2020-01-27,1801,0,1,1.99
CUST_000861,2024-08-19,1,1115.76,1115.76,2,1,Website,Apple Pay,135,2020-01-29,1799,0,1,228.05
CUST_000862,2023-02-27,2,94.57,31.52333333333333,3,3,Marketplace,PayPal,674,2020-09-27,1557,0,1,44.4
CUST_000863,2024-11-27,4,153.38,30.676,9,2,Mobile App,Credit Card,35,2021-11-16,1142,0,0,201.69
CUST_000864,2024-04-30,4,128.51,32.1275,4,1,In-Store,PayPal,246,2021-05-15,1327,0,1,141.96
CUST_000865,2023-08-12,1,131.25,131.25,1,1,Website,Apple Pay,508,2020-09-09,1575,0,1,30.48
CUST_000866,2024-02-15,3,322.0,80.5,8,3,Mobile App,Credit Card,321,2021-01-19,1443,0,1,245.11
CUST_000867,2024-04-13,1,26.18,26.18,2,1,Mobile App,PayPal,263,2020-02-29,1768,0,1,5.43
CUST_000868,2024-09-04,3,49.47,12.3675,8,4,Mobile App,PayPal,119,2020-04-16,1721,0,1,31.74
CUST_000869,2024-11-11,3,455.69,65.09857142857143,12,6,Mobile App,Credit Card,51,2020-08-07,1608,0,0,316.4
CUST_000870,2024-02-24,2,56.08,28.04,4,2,Mobile App,Credit Card,312,2021-03-16,1387,0,1,29.61
CUST_000871,2023-12-04,9,355.87,32.35181818181818,18,6,Website,Credit Card,394,2022-02-09,1057,0,1,1108.8
CUST_000872,2024-03-16,3,328.20000000000005,54.70000000000001,11,3,Website,PayPal,291,2022-06-01,945,0,1,381.6
CUST_000873,2024-12-20,5,78.78999999999999,13.131666666666666,11,3,Mobile App,Debit Card,12,2021-10-19,1170,0,0,133.14
CUST_000874,2024-09-12,1,4.75,4.75,1,1,In-Store,Credit Card,111,2021-07-17,1264,0,1,1.38
CUST_000875,2024-12-15,5,130.68,21.78,7,5,Website,PayPal,17,2021-07-25,1256,0,0,201.05
CUST_000876,2023-01-06,3,61.98,20.66,9,2,Mobile App,Debit Card,726,2021-06-29,1282,0,1,53.01
CUST_000877,2023-10-22,2,54.28,27.14,2,1,Mobile App,Credit Card,437,2020-04-05,1732,0,1,22.93
CUST_000878,2023-05-18,2,813.86,203.465,4,3,Mobile App,Bank Transfer,594,2022-09-15,839,0,1,709.32
CUST_000879,2024-12-12,2,462.62,231.31,2,2,Website,PayPal,20,2020-03-29,1739,0,0,203.91
CUST_000880,2024-01-01,4,370.47,61.745000000000005,13,4,Mobile App,Debit Card,366,2022-04-07,1000,0,1,542.36
CUST_000881,2024-04-16,3,98.13,19.625999999999998,9,4,Mobile App,PayPal,260,2022-07-10,906,0,1,119.06
CUST_000882,2024-10-29,5,910.76,91.076,18,4,Website,Credit Card,64,2020-08-18,1597,0,0,1057.05
CUST_000883,2024-12-15,2,130.29,65.145,4,1,Website,Credit Card,17,2022-08-25,860,0,0,117.1
CUST_000884,2023-08-25,2,181.59,60.53,4,3,Website,Credit Card,495,2020-10-01,1553,0,1,85.53
CUST_000885,2024-08-05,4,1147.0,163.85714285714286,12,4,Mobile App,Credit Card,149,2020-09-02,1582,0,1,1065.65
CUST_000886,2024-09-22,2,854.15,213.5375,7,3,Website,Credit Card,101,2020-04-20,1717,0,1,366.75
CUST_000887,2024-12-20,3,149.01000000000002,49.67000000000001,7,1,Website,PayPal,12,2020-08-21,1594,0,0,110.89
CUST_000888,2024-03-16,4,1687.03,241.00428571428571,11,3,Mobile App,Credit Card,291,2020-10-04,1550,0,1,1594.53
CUST_000889,2024-03-23,2,73.48,24.493333333333336,3,2,Mobile App,PayPal,284,2021-04-21,1351,0,1,39.84
CUST_000890,2023-10-07,3,140.24,46.74666666666667,4,2,Mobile App,Apple Pay,452,2021-02-20,1411,0,1,109.07
CUST_000891,2022-12-10,3,697.31,232.43666666666664,4,2,Marketplace,Credit Card,753,2021-11-08,1150,0,1,664.84
CUST_000892,2023-10-20,5,169.72,28.286666666666665,9,2,Mobile App,Credit Card,439,2020-05-07,1700,0,1,182.61
CUST_000894,2024-08-29,4,160.43,32.086,9,5,Website,Credit Card,125,2022-03-13,1025,0,1,230.34
CUST_000896,2024-05-29,3,153.11,30.622000000000003,12,3,In-Store,Credit Card,217,2020-05-07,1700,0,1,99.08
CUST_000897,2023-07-16,2,1043.05,260.7625,16,4,In-Store,Credit Card,535,2021-12-07,1121,0,1,680.51
CUST_000898,2024-12-28,3,127.56,42.52,6,2,Mobile App,Debit Card,4,2022-04-30,977,0,0,178.71
CUST_000899,2024-08-11,5,1343.99,167.99875,12,5,Mobile App,Credit Card,143,2021-01-28,1434,1,1,1722.41
CUST_000900,2024-12-12,9,536.81,38.34357142857142,16,6,Website,PayPal,20,2021-04-19,1353,0,0,1368.51
CUST_000901,2022-10-21,1,27.69,27.69,1,1,Website,Debit Card,803,2021-10-16,1173,0,1,8.63
CUST_000902,2024-01-27,4,950.43,158.405,8,3,Marketplace,Credit Card,340,2021-01-29,1433,0,1,971.19
CUST_000903,2024-07-16,6,278.01,39.715714285714284,14,3,Website,Credit Card,169,2020-04-20,1717,0,1,356.69
CUST_000904,2024-07-15,4,367.89000000000004,52.555714285714295,12,5,Mobile App,Credit Card,170,2020-03-30,1738,0,1,310.86
CUST_000905,2024-11-25,8,1500.29,125.02416666666666,22,7,Website,Debit Card,37,2022-02-01,1065,1,0,4224.65
CUST_000906,2024-08-28,4,364.64,72.928,11,2,Mobile App,PayPal,126,2020-10-06,1548,0,1,346.64
CUST_000908,2024-11-10,6,2562.71,232.97363636363636,19,4,Mobile App,Apple Pay,52,2020-08-11,1604,1,0,3566.25
CUST_000909,2024-02-09,5,1011.04,168.50666666666666,9,3,In-Store,Credit Card,327,2020-04-10,1727,1,1,1071.68
CUST_000910,2023-03-16,4,870.27,124.32428571428571,13,6,Mobile App,Credit Card,657,2020-05-11,1696,0,1,750.31
CUST_000911,2023-09-23,1,27.03,27.03,1,1,In-Store,PayPal,466,2020-01-13,1815,0,1,5.45
CUST_000912,2024-06-05,5,333.94,55.656666666666666,10,2,Website,Credit Card,210,2021-04-01,1371,0,1,446.64
CUST_000913,2022-11-15,1,147.34,49.11333333333334,4,3,Website,PayPal,778,2021-03-16,1387,0,1,38.82
CUST_000914,2023-10-08,2,30.3,15.15,2,2,Website,Credit Card,451,2020-04-07,1730,0,1,12.81
CUST_000915,2024-06-22,5,1780.02,222.5025,13,4,Website,Debit Card,193,2020-04-29,1708,1,1,1911.81
CUST_000917,2024-12-06,5,1067.8600000000001,118.65111111111112,16,4,Website,Apple Pay,26,2022-03-26,1012,1,0,1999.8
CUST_000918,2024-12-25,4,140.06,28.012,8,4,Mobile App,Bank Transfer,7,2021-12-11,1117,0,0,209.22
CUST_000919,2024-11-21,5,790.2,98.775,14,6,Website,PayPal,41,2020-01-01,1827,0,0,808.59
CUST_000920,2023-10-31,5,1666.89,166.68900000000002,15,5,Mobile App,Apple Pay,428,2021-07-25,1256,1,1,2427.69
CUST_000921,2024-12-29,8,356.83,35.683,16,5,Website,Bank Transfer,3,2020-09-06,1578,0,0,880.39
CUST_000922,2024-07-07,5,2375.94,395.99,10,3,Website,Debit Card,178,2021-10-13,1176,1,1,3707.87
CUST_000923,2024-04-30,5,582.17,83.16714285714285,17,4,Website,Debit Card,246,2020-05-28,1679,0,1,635.37
CUST_000924,2023-12-17,3,438.99,87.798,9,4,Website,Apple Pay,381,2021-01-29,1433,0,1,336.33
CUST_000925,2024-10-29,4,554.8299999999999,79.26142857142857,18,4,In-Store,PayPal,64,2020-02-13,1784,0,0,461.16
CUST_000926,2024-03-01,5,239.45,21.768181818181816,23,6,Mobile App,Debit Card,306,2022-06-01,945,0,1,463.94
CUST_000927,2022-05-21,2,188.36,62.78666666666667,3,2,Website,Apple Pay,956,2021-11-28,1130,0,1,121.81
CUST_000928,2024-05-24,2,826.04,275.34666666666664,6,3,Website,Debit Card,222,2021-09-11,1208,0,1,501.43
CUST_000929,2024-09-24,2,265.64,88.54666666666667,5,3,Mobile App,Credit Card,99,2020-02-13,1784,0,1,109.8
CUST_000930,2024-09-16,4,723.98,144.796,11,2,Website,Credit Card,107,2020-03-18,1750,0,1,609.65
CUST_000931,2024-09-15,5,138.79,17.34875,14,6,Website,Google Pay,108,2020-08-13,1602,0,1,159.57
CUST_000932,2024-11-02,5,490.69000000000005,81.78166666666668,12,3,In-Store,Credit Card,60,2020-06-10,1666,0,0,546.48
CUST_000933,2024-01-24,3,463.0,92.6,9,3,Mobile App,Apple Pay,343,2022-03-03,1035,0,1,491.27
CUST_000934,2023-01-08,3,211.82999999999998,42.366,7,4,In-Store,Debit Card,724,2020-09-09,1575,0,1,147.48
CUST_000936,2024-11-10,6,2388.41,265.37888888888887,16,5,In-Store,Bank Transfer,52,2021-03-23,1380,1,0,3863.19
CUST_000937,2024-05-12,5,2024.36,289.1942857142857,11,2,Website,PayPal,234,2022-06-02,944,1,1,3930.34
CUST_000938,2024-12-09,3,113.96000000000001,22.792,6,3,Website,Credit Card,23,2022-06-05,941,0,0,138.38
CUST_000939,2023-12-08,3,414.8,82.96000000000001,11,3,Mobile App,Debit Card,390,2021-04-18,1354,0,1,336.32
CUST_000941,2024-02-11,6,538.74,59.86,12,4,Mobile App,Credit Card,325,2022-02-16,1050,0,1,1127.12
CUST_000942,2024-11-30,3,364.63,91.1575,5,3,Mobile App,Debit Card,32,2020-04-18,1719,0,0,239.53
CUST_000943,2024-07-30,1,150.59,150.59,1,1,Website,Credit Card,155,2021-12-06,1122,0,1,49.3
CUST_000944,2024-05-09,3,161.54,40.385,6,3,Website,Credit Card,237,2020-02-04,1793,0,1,99.07
CUST_000945,2024-03-28,3,618.27,123.654,11,5,Website,Bank Transfer,279,2021-04-11,1361,0,1,499.22
CUST_000946,2022-12-12,2,1725.0,575.0,6,3,Mobile App,Credit Card,751,2022-06-20,926,0,1,1361.69
CUST_000947,2024-11-29,4,1119.18,139.8975,13,3,Mobile App,PayPal,33,2020-10-01,1553,0,0,1084.04
CUST_000948,2024-11-17,5,2952.31,590.462,11,2,Website,Credit Card,45,2020-07-05,1641,1,0,3356.31
CUST_000949,2024-10-07,3,77.61,19.4025,8,4,Website,Google Pay,86,2022-08-06,879,0,0,97.81
CUST_000950,2023-07-16,3,121.06,30.265,5,3,Website,Credit Card,535,2020-08-30,1585,0,1,83.79
CUST_000951,2024-02-24,1,117.96,58.98,4,2,Mobile App,Apple Pay,312,2020-09-20,1564,0,1,27.62
CUST_000952,2024-06-25,5,401.15999999999997,33.43,25,6,Website,PayPal,190,2022-08-31,854,0,1,861.79
CUST_000953,2024-07-06,1,512.0600000000001,256.03000000000003,3,2,Mobile App,Debit Card,179,2021-06-05,1306,0,1,143.91
CUST_000954,2024-11-18,5,118.85,16.978571428571428,12,3,Website,Apple Pay,44,2022-08-20,865,0,0,256.45
CUST_000955,2023-08-30,3,812.23,203.0575,7,3,Mobile App,PayPal,490,2021-11-08,1150,0,1,774.96
CUST_000956,2023-10-06,4,198.69,49.6725,6,3,In-Store,Credit Card,453,2021-06-24,1287,0,1,225.9
CUST_000957,2024-01-31,2,126.03,63.015,4,1,Mobile App,Debit Card,336,2022-02-21,1045,0,1,88.3
CUST_000958,2024-03-19,7,407.69,40.769,11,3,Website,Debit Card,288,2020-03-27,1741,0,1,600.38
CUST_000959,2024-11-10,4,264.8,37.82857142857143,9,6,In-Store,Credit Card,52,2021-06-18,1293,0,0,304.75
CUST_000960,2024-05-06,4,1912.82,382.56399999999996,9,4,Website,Credit Card,240,2020-07-28,1618,0,1,1733.22
CUST_000961,2024-12-16,2,76.72,38.36,5,1,Mobile App,Debit Card,16,2020-02-15,1782,0,0,33.39
CUST_000962,2024-05-21,2,478.53000000000003,159.51000000000002,3,2,Mobile App,Apple Pay,225,2021-04-11,1361,0,1,257.81
CUST_000963,2024-06-15,3,251.67000000000002,62.917500000000004,6,3,Website,Credit Card,200,2021-06-23,1288,0,1,215.03
CUST_000965,2024-12-17,4,566.69,94.44833333333334,14,4,Marketplace,Bank Transfer,15,2020-09-22,1562,0,0,565.0
CUST_000966,2024-08-01,3,2000.09,400.018,12,4,In-Store,Bank Transfer,153,2020-06-23,1653,0,1,1333.58
CUST_000967,2024-08-31,4,906.47,181.294,12,3,Mobile App,Credit Card,123,2021-05-30,1312,0,1,1016.93
CUST_000968,2023-08-14,1,160.69,160.69,3,1,Website,Debit Card,506,2020-11-06,1517,0,1,38.74
CUST_000969,2024-08-12,1,1189.6599999999999,594.8299999999999,3,2,Mobile App,Debit Card,142,2020-11-17,1506,0,1,290.36
CUST_000970,2024-07-02,3,206.29000000000002,29.470000000000002,18,5,Website,Credit Card,183,2021-08-01,1249,0,1,181.84
CUST_000971,2024-05-01,2,1341.1100000000001,447.0366666666667,6,2,Website,PayPal,245,2020-05-14,1693,0,1,580.63
CUST_000972,2024-09-03,5,198.0,15.23076923076923,21,7,Website,Debit Card,120,2020-02-24,1773,0,1,205.51
CUST_000973,2023-11-07,2,577.96,144.49,11,3,Website,PayPal,421,2022-09-02,852,0,1,496.38
CUST_000975,2024-10-15,4,320.09,45.72714285714285,10,6,Website,Credit Card,78,2021-08-08,1242,0,0,381.1
CUST_000976,2022-04-19,2,43.54,21.77,2,1,Website,Credit Card,988,2021-06-14,1297,0,1,24.53
CUST_000977,2024-07-02,3,75.86,12.643333333333333,8,4,Website,Apple Pay,183,2020-06-04,1672,0,1,49.95
CUST_000978,2023-03-24,3,191.62,31.936666666666667,10,5,Mobile App,Credit Card,649,2022-04-28,979,0,1,214.65
CUST_000979,2023-08-09,2,744.09,148.818,9,3,Mobile App,Debit Card,511,2021-10-29,1160,0,1,469.18
CUST_000980,2023-08-10,1,1824.18,1824.18,4,1,Mobile App,Apple Pay,510,2020-05-26,1681,0,1,396.87
CUST_000981,2024-07-10,5,2088.41,208.84099999999998,17,5,Mobile App,Credit Card,175,2021-04-29,1343,1,1,2854.15
CUST_000983,2024-02-16,2,65.23,32.615,4,2,In-Store,Debit Card,320,2020-01-20,1808,0,1,26.42
CUST_000984,2024-10-18,6,1191.0,108.27272727272727,21,6,Website,Credit Card,75,2020-09-25,1559,1,0,1695.36
CUST_000985,2024-09-13,5,859.27,107.40875,18,5,Website,Credit Card,110,2020-11-28,1495,0,1,1058.48
CUST_000986,2024-07-01,1,156.32,156.32,3,1,Mobile App,PayPal,184,2021-07-08,1273,0,1,45.06
CUST_000987,2024-11-28,3,719.7,143.94,10,4,Website,Credit Card,34,2022-06-25,921,0,0,880.84
CUST_000988,2024-02-29,2,123.83,41.276666666666664,3,3,Website,Credit Card,307,2022-08-01,884,0,1,102.59
CUST_000989,2024-09-18,3,1967.69,393.538,8,2,Website,Debit Card,105,2022-06-29,917,0,1,2372.02
CUST_000990,2024-11-22,2,2019.94,673.3133333333334,6,2,Website,Debit Card,40,2021-02-04,1427,0,0,1059.16
CUST_000991,2024-09-14,4,203.86,33.97666666666667,7,4,Website,Credit Card,109,2022-08-07,878,0,1,342.1
CUST_000992,2024-11-11,6,1480.6100000000001,185.07625000000002,17,5,Mobile App,Debit Card,51,2020-11-01,1522,1,0,2172.22
CUST_000993,2024-04-16,4,607.65,101.27499999999999,10,2,Marketplace,Debit Card,260,2020-01-28,1800,0,1,494.77
CUST_000994,2024-03-19,3,208.57,34.76166666666666,13,3,Mobile App,Credit Card,288,2021-04-11,1361,0,1,168.39
CUST_000995,2023-09-30,3,366.05,61.00833333333333,8,4,Website,PayPal,459,2020-09-16,1568,0,1,256.18
CUST_000996,2024-08-23,3,1780.1699999999998,356.034,11,4,Website,Debit Card,131,2021-06-17,1294,0,1,1517.9
CUST_000997,2024-08-28,1,83.21,83.21,1,1,Website,Credit Card,126,2022-09-08,846,0,1,36.19
CUST_000998,2024-06-19,3,61.69,10.281666666666666,12,5,Mobile App,Apple Pay,196,2022-06-05,941,0,1,72.15
CUST_000999,2023-09-24,4,1924.27,213.80777777777777,20,7,In-Store,Credit Card,465,2020-04-10,1727,0,1,1630.27
CUST_001000,2024-12-28,1,2042.78,2042.78,3,1,Website,Google Pay,4,2021-07-04,1277,0,0,729.85
CUST_001001,2024-08-31,7,344.09,43.01125,12,3,Mobile App,PayPal,123,2022-03-12,1026,0,1,863.84
CUST_001003,2024-06-11,4,1311.53,218.58833333333334,9,6,Website,PayPal,204,2020-10-26,1528,0,1,1259.31
CUST_001004,2024-12-06,3,1782.97,297.1616666666667,9,5,Mobile App,Debit Card,26,2021-11-12,1146,0,0,1769.15
CUST_001005,2023-04-25,1,190.72,95.36,4,2,In-Store,Debit Card,617,2020-10-22,1532,0,1,45.51
CUST_001006,2023-09-25,3,409.64,81.928,12,4,Mobile App,Apple Pay,464,2020-12-18,1475,0,1,304.76
CUST_001007,2024-07-09,5,480.25,60.03125,8,3,Website,Credit Card,176,2022-06-26,920,0,1,958.08
CUST_001008,2024-11-13,3,304.79,43.541428571428575,15,4,In-Store,Credit Card,49,2020-05-09,1698,0,0,200.56
CUST_001010,2023-08-30,3,721.28,144.256,10,4,Mobile App,Google Pay,490,2020-03-14,1754,0,1,451.2
CUST_001011,2023-03-13,3,298.01,74.5025,7,2,Mobile App,PayPal,660,2020-12-07,1486,0,1,219.93
CUST_001012,2022-08-13,1,29.94,29.94,1,1,In-Store,Credit Card,872,2021-04-09,1363,0,1,8.03
CUST_001013,2024-04-12,1,58.120000000000005,19.373333333333335,4,3,Mobile App,Credit Card,264,2020-03-30,1738,0,1,12.25
CUST_001014,2024-11-08,4,196.06,24.5075,11,6,Website,Google Pay,54,2021-08-01,1249,0,0,233.43
CUST_001015,2024-11-19,3,3046.04,380.755,14,4,Website,Apple Pay,43,2021-03-30,1373,0,0,2485.78
CUST_001016,2024-09-15,3,629.4,89.91428571428571,9,5,Mobile App,Credit Card,108,2022-01-17,1080,0,1,644.05
CUST_001017,2023-10-22,2,35.95,17.975,2,2,Website,Apple Pay,437,2021-12-12,1116,0,1,23.57
CUST_001018,2023-12-23,5,1341.72,223.62,13,3,Website,PayPal,375,2022-09-06,848,1,1,2895.25
CUST_001019,2024-10-21,3,51.09,17.03,7,3,Mobile App,Apple Pay,72,2020-11-27,1496,0,0,37.91
CUST_001020,2024-10-31,4,321.03999999999996,64.208,6,4,Mobile App,Credit Card,62,2022-01-08,1089,0,0,437.35
CUST_001021,2024-12-14,8,541.77,38.69785714285714,20,4,Website,Credit Card,18,2022-09-03,851,0,0,1962.23
CUST_001022,2022-12-30,1,195.79,195.79,1,1,In-Store,Apple Pay,733,2020-12-13,1480,0,1,48.35
CUST_001023,2024-11-10,4,567.8199999999999,81.11714285714285,9,3,Mobile App,Credit Card,52,2020-08-20,1595,0,0,529.76
CUST_001024,2024-10-14,4,229.42999999999998,45.885999999999996,7,3,Mobile App,Credit Card,79,2022-02-16,1050,0,0,323.06
CUST_001025,2023-09-13,5,652.32,93.18857142857144,18,3,Website,Credit Card,476,2021-08-20,1230,0,1,969.91
CUST_001026,2024-11-11,4,1232.98,176.14000000000001,9,4,Website,Credit Card,51,2020-04-11,1726,0,0,1063.41
CUST_001027,2023-09-13,2,1284.1,256.82,11,4,In-Store,PayPal,476,2022-08-10,875,0,1,1073.56
CUST_001028,2024-03-06,3,58.75,14.6875,6,3,Mobile App,PayPal,301,2021-04-25,1347,0,1,47.92
CUST_001029,2024-10-26,6,1386.1,138.60999999999999,23,5,Website,Debit Card,67,2020-08-01,1614,1,0,1908.84
CUST_001030,2024-12-18,3,1936.04,387.20799999999997,9,3,Website,PayPal,14,2020-04-17,1720,0,0,1320.58
CUST_001031,2024-08-19,3,116.00999999999999,19.334999999999997,14,4,Website,PayPal,135,2020-06-13,1663,0,1,76.95
CUST_001032,2023-06-19,1,144.67000000000002,72.33500000000001,3,2,Mobile App,PayPal,562,2022-08-30,855,0,1,61.87
CUST_001034,2024-09-08,4,62.64,15.66,6,1,Website,Credit Card,115,2021-12-04,1124,0,1,82.07
CUST_001035,2022-01-21,1,5.87,5.87,1,1,Mobile App,Credit Card,1076,2020-11-30,1493,0,1,1.44
CUST_001036,2024-06-29,3,569.11,113.822,10,4,Website,Apple Pay,186,2020-03-26,1742,0,1,359.66
CUST_001037,2023-09-21,3,288.94,48.156666666666666,10,6,Website,Bank Transfer,468,2022-01-03,1094,0,1,289.82
CUST_001038,2023-11-22,2,465.58,116.395,7,3,Website,Debit Card,406,2022-05-24,953,0,1,357.51
CUST_001039,2023-10-09,4,182.23000000000002,26.032857142857146,12,4,Website,Credit Card,450,2021-02-27,1404,0,1,189.92
CUST_001040,2023-10-09,4,1954.48,279.2114285714286,19,4,Mobile App,Apple Pay,450,2021-09-04,1215,0,1,2353.81
CUST_001041,2024-11-02,7,772.35,85.81666666666666,20,4,Mobile App,Debit Card,60,2022-01-07,1090,0,0,1840.59
CUST_001042,2023-04-12,2,17.33,8.665,2,1,Mobile App,Credit Card,630,2020-12-29,1464,0,1,8.66
CUST_001043,2024-02-20,2,325.35,162.675,3,2,In-Store,Debit Card,316,2020-02-29,1768,0,1,134.76
CUST_001045,2024-03-07,5,591.79,84.54142857142857,9,4,Website,Apple Pay,300,2020-09-06,1578,0,1,686.7
CUST_001046,2024-11-05,3,918.69,306.23,6,1,Website,Debit Card,57,2021-07-13,1268,0,0,807.27
CUST_001047,2023-07-19,5,812.79,90.31,15,8,Website,Apple Pay,532,2020-04-26,1711,0,1,868.57
CUST_001048,2024-12-03,3,227.29999999999998,45.459999999999994,7,3,Website,PayPal,29,2022-01-08,1089,0,0,236.43
CUST_001049,2023-11-08,4,4813.610000000001,687.6585714285715,13,4,Mobile App,Apple Pay,420,2022-05-23,954,0,1,6907.84
CUST_001050,2023-05-20,2,204.46,51.115,7,3,Mobile App,Debit Card,592,2022-07-03,913,0,1,163.75
CUST_001051,2022-09-13,2,20.86,10.43,4,2,Website,Credit Card,841,2022-08-25,860,0,1,17.73
CUST_001052,2023-12-06,2,223.89999999999998,55.974999999999994,5,4,In-Store,Debit Card,392,2022-09-25,829,0,1,197.66
CUST_001053,2024-03-27,2,78.35,26.116666666666664,3,2,Marketplace,Credit Card,280,2021-06-28,1283,0,1,44.74
CUST_001054,2022-12-08,2,497.53999999999996,248.76999999999998,4,2,Mobile App,Credit Card,755,2020-02-13,1784,0,1,203.86
CUST_001055,2024-09-23,5,929.29,103.25444444444445,15,4,Website,Debit Card,100,2021-05-23,1319,1,1,1298.65
CUST_001056,2023-01-27,3,247.65,41.275,6,4,Mobile App,Credit Card,705,2022-09-14,840,0,1,323.29
CUST_001057,2024-11-02,6,676.24,75.13777777777779,19,5,In-Store,Credit Card,60,2020-06-13,1663,0,0,905.38
CUST_001058,2024-07-09,6,858.03,78.00272727272727,27,9,Website,Debit Card,176,2021-01-02,1460,0,1,1294.36
CUST_001060,2024-03-21,1,153.17,153.17,2,1,Website,Credit Card,286,2020-10-18,1536,0,1,36.53
CUST_001061,2024-08-28,7,1228.3999999999999,111.67272727272726,16,5,Mobile App,PayPal,126,2022-04-28,979,1,1,3231.33
CUST_001062,2024-08-25,3,145.95,29.189999999999998,7,3,Website,PayPal,129,2022-05-05,972,0,1,165.69
CUST_001063,2024-09-10,1,86.75999999999999,43.379999999999995,3,2,Website,PayPal,113,2022-07-05,911,0,1,35.07
CUST_001064,2024-03-05,2,41.65,10.4125,6,4,Website,PayPal,302,2022-06-16,930,0,1,32.8
CUST_001065,2023-12-10,3,462.32000000000005,77.05333333333334,7,5,Website,Bank Transfer,388,2022-03-09,1029,0,1,493.24
CUST_001066,2023-07-13,1,46.01,23.005,3,1,Website,Google Pay,538,2022-05-25,952,0,1,17.67
CUST_001067,2024-06-07,2,74.5,24.833333333333332,4,3,Mobile App,Apple Pay,208,2022-01-06,1091,0,1,50.09
CUST_001068,2024-02-01,4,735.57,147.114,9,5,Mobile App,Credit Card,335,2020-10-12,1542,0,1,698.53
CUST_001069,2024-10-16,8,257.58,21.465,17,5,Website,Debit Card,77,2020-07-22,1624,0,0,469.15
CUST_001070,2024-02-25,5,224.18,28.0225,14,3,Website,PayPal,311,2021-11-14,1144,0,1,358.78
CUST_001071,2024-01-01,2,1031.33,343.77666666666664,6,2,Website,Debit Card,366,2021-06-07,1304,0,1,578.93
CUST_001072,2023-07-16,3,407.61,135.87,5,2,Website,Bank Transfer,535,2022-03-29,1009,0,1,443.18
CUST_001073,2023-01-24,2,42.67,14.223333333333334,5,2,Marketplace,Debit Card,708,2020-04-30,1707,0,1,18.27
CUST_001074,2024-08-23,5,702.33,78.03666666666668,15,4,Website,Credit Card,131,2022-08-02,883,0,1,1462.67
CUST_001075,2024-06-27,5,753.57,107.65285714285714,11,4,Website,Debit Card,188,2022-01-25,1072,0,1,1289.72
CUST_001076,2024-11-20,6,611.82,87.40285714285714,10,5,Website,Credit Card,42,2021-10-25,1164,0,0,1178.51
CUST_001077,2024-10-18,5,81.26,8.126000000000001,15,6,Mobile App,Apple Pay,75,2021-10-25,1164,0,0,129.1
CUST_001078,2023-02-21,1,6.12,6.12,1,1,Website,Credit Card,680,2020-07-06,1640,0,1,1.36
CUST_001079,2024-04-30,5,759.7900000000001,84.42111111111112,16,6,Mobile App,Credit Card,246,2022-06-25,921,0,1,1511.68
CUST_001080,2022-07-16,2,3043.52,1521.76,6,1,In-Store,Credit Card,900,2020-01-13,1815,0,1,1225.48
CUST_001081,2024-04-03,5,199.44,19.944,17,5,Mobile App,Debit Card,273,2021-08-25,1225,0,1,298.21
CUST_001082,2024-03-23,1,158.62,158.62,1,1,In-Store,Debit Card,284,2020-07-18,1628,0,1,35.69
CUST_001083,2024-02-02,5,1340.97,148.99666666666667,17,5,Website,Credit Card,334,2021-08-08,1242,1,1,1976.33
CUST_001084,2023-11-12,3,152.28,21.754285714285714,11,4,In-Store,Credit Card,416,2022-02-06,1060,0,1,157.69
CUST_001085,2022-09-24,2,741.49,185.3725,6,4,Mobile App,Credit Card,830,2021-03-31,1372,0,1,395.0
CUST_001086,2024-05-12,8,1664.32,151.30181818181816,27,5,Website,PayPal,234,2021-03-23,1380,1,1,3536.65
CUST_001087,2023-02-15,5,1254.68,104.55666666666667,20,7,Website,Credit Card,686,2022-02-26,1040,1,1,2204.93
CUST_001088,2023-05-18,1,563.3299999999999,187.77666666666664,3,3,Website,Credit Card,594,2022-04-19,988,0,1,208.46
CUST_001089,2022-01-02,1,102.42999999999999,34.14333333333333,4,3,Mobile App,PayPal,1095,2022-04-20,987,0,1,37.91
CUST_001090,2023-11-07,4,623.6700000000001,103.94500000000001,10,5,In-Store,Debit Card,421,2020-03-11,1757,0,1,519.48
CUST_001091,2024-03-09,5,3623.0099999999998,329.3645454545454,22,6,Website,Apple Pay,298,2021-08-12,1238,1,1,5358.79
CUST_001092,2024-07-03,4,2225.33,370.8883333333333,15,5,Mobile App,Credit Card,182,2022-03-06,1032,0,1,3165.54
CUST_001093,2024-12-07,4,383.38,76.676,8,3,Mobile App,Credit Card,25,2020-05-09,1698,0,0,342.83
CUST_001094,2024-11-16,2,1530.06,765.03,6,2,Mobile App,Credit Card,46,2022-06-07,939,0,0,1215.36
CUST_001095,2023-11-06,2,2129.74,709.9133333333333,5,3,Mobile App,Debit Card,422,2020-02-12,1785,0,1,873.05
CUST_001096,2024-11-01,2,115.28999999999999,28.822499999999998,7,4,Mobile App,Credit Card,61,2021-06-03,1308,0,1,65.4
CUST_001097,2024-08-22,3,235.98,78.66,5,2,Website,Apple Pay,132,2020-01-13,1815,0,1,143.45
CUST_001098,2024-10-09,3,270.25,54.05,8,2,Mobile App,Credit Card,84,2021-12-25,1103,0,0,271.48
CUST_001099,2024-07-06,1,163.29000000000002,81.64500000000001,6,2,In-Store,Credit Card,179,2021-09-14,1205,0,1,49.74
CUST_001100,2024-12-07,2,1572.64,524.2133333333334,6,2,Mobile App,Debit Card,25,2022-09-14,840,0,0,1421.37
CUST_001101,2024-02-22,4,843.5,140.58333333333334,7,5,Mobile App,Credit Card,314,2022-03-13,1025,0,1,1205.3
CUST_001102,2022-12-17,2,137.1,68.55,5,2,In-Store,Apple Pay,746,2021-06-18,1293,0,1,77.51
CUST_001103,2024-08-14,3,575.12,143.78,5,3,Mobile App,Credit Card,140,2020-10-28,1526,0,1,415.63
CUST_001104,2024-09-12,3,245.34,61.335,10,2,Website,Credit Card,111,2022-02-04,1062,0,1,255.24
CUST_001105,2024-11-23,4,143.28,23.88,7,4,Website,Credit Card,39,2021-06-10,1301,0,0,164.91
CUST_001106,2023-11-17,2,259.42,64.855,5,3,Website,Credit Card,411,2021-10-03,1186,0,1,160.07
CUST_001107,2024-02-15,2,57.09,19.03,4,3,Website,PayPal,321,2021-07-26,1255,0,1,33.31
CUST_001108,2024-09-11,4,752.89,75.289,14,7,Website,Credit Card,112,2020-04-24,1713,0,1,647.42
CUST_001109,2024-11-11,6,982.19,109.13222222222223,14,5,Website,Credit Card,51,2021-04-04,1368,1,0,1603.2
CUST_001110,2023-07-25,5,540.31,67.53875,11,5,Mobile App,Credit Card,526,2022-04-11,996,0,1,991.91
CUST_001111,2024-03-19,3,2415.98,345.14,18,4,In-Store,Credit Card,288,2021-05-19,1323,0,1,2006.56
CUST_001112,2023-04-09,2,13.9,6.95,2,2,In-Store,Apple Pay,633,2020-11-03,1520,0,1,6.69
CUST_001113,2023-02-09,3,1042.96,208.592,8,4,Website,Bank Transfer,692,2022-07-20,896,0,1,1276.44
CUST_001114,2023-10-20,3,697.19,174.2975,10,2,Mobile App,Credit Card,439,2022-08-20,865,0,1,884.58
CUST_001115,2022-08-16,2,42.45,14.15,5,3,Website,PayPal,869,2020-11-20,1503,0,1,20.64
CUST_001116,2024-02-29,3,3201.83,640.366,9,3,Website,Debit Card,307,2021-08-01,1249,0,1,2816.19
CUST_001117,2024-12-25,6,1031.32,114.5911111111111,20,5,Website,Credit Card,7,2022-01-30,1067,1,0,2419.16
CUST_001118,2023-12-20,6,611.3199999999999,87.33142857142856,11,4,Website,Credit Card,378,2020-06-23,1653,0,1,812.06
CUST_001119,2023-05-10,1,92.52000000000001,30.840000000000003,4,3,Website,Apple Pay,602,2022-04-30,977,0,1,34.62
CUST_001120,2024-07-06,2,137.76,68.88,3,1,In-Store,Debit Card,179,2021-05-28,1314,0,1,76.96
CUST_001121,2023-11-10,3,161.88,32.376,9,2,Website,Debit Card,418,2020-06-20,1656,0,1,107.3
CUST_001122,2024-04-15,3,66.71,22.236666666666665,6,1,Mobile App,Debit Card,261,2022-09-23,831,0,1,88.24
CUST_001123,2024-12-30,3,2230.74,557.685,5,2,Mobile App,Debit Card,2,2022-08-17,868,0,0,4221.19
CUST_001124,2024-09-06,3,758.91,151.78199999999998,11,4,Mobile App,Debit Card,117,2021-05-16,1326,0,1,632.06
CUST_001125,2023-12-30,2,162.96,81.48,4,2,In-Store,Credit Card,368,2022-09-03,851,0,1,140.17
CUST_001126,2024-04-23,2,1831.78,366.356,7,5,In-Store,Credit Card,253,2020-11-29,1494,0,1,898.58
CUST_001127,2024-10-28,5,854.57,106.82125,12,4,Mobile App,Credit Card,65,2020-10-10,1544,0,0,1025.64
CUST_001128,2024-07-17,3,67.6,22.53333333333333,5,2,Website,Bank Transfer,168,2021-04-19,1353,0,1,55.04
CUST_001130,2024-09-10,2,1450.26,362.565,6,4,Mobile App,Debit Card,113,2021-04-02,1370,0,1,779.6
CUST_001131,2023-07-09,3,104.22,26.055,5,3,In-Store,Credit Card,542,2021-08-01,1249,0,1,91.54
CUST_001132,2022-09-24,1,113.83,56.915,3,2,Website,Credit Card,830,2021-02-23,1408,0,1,29.54
CUST_001133,2023-12-01,2,27.08,13.54,2,2,Mobile App,Credit Card,397,2021-09-05,1214,0,1,16.32
CUST_001134,2023-06-14,3,98.74,32.913333333333334,5,3,Website,Apple Pay,567,2021-09-23,1196,0,1,90.56
CUST_001135,2023-12-29,2,133.32999999999998,44.44333333333333,4,2,Website,Google Pay,369,2021-12-03,1125,0,1,86.75
CUST_001136,2024-06-22,2,120.05,40.016666666666666,5,2,In-Store,Debit Card,193,2021-02-12,1419,0,1,62.08
CUST_001137,2022-05-27,1,6.23,6.23,1,1,Mobile App,Credit Card,950,2022-09-08,846,0,1,2.69
CUST_001138,2024-01-20,6,2186.15,168.16538461538462,28,6,Website,Debit Card,347,2020-10-30,1524,1,1,3150.57
CUST_001139,2024-10-03,3,91.59,18.318,5,4,Website,Debit Card,90,2022-07-23,893,0,0,113.56
CUST_001140,2024-10-08,3,800.4200000000001,160.084,11,3,Mobile App,PayPal,85,2021-07-12,1269,0,0,698.8
CUST_001141,2024-06-16,1,25.720000000000002,12.860000000000001,2,2,Website,PayPal,199,2020-08-09,1606,0,1,5.87
CUST_001142,2024-11-27,3,415.18999999999994,138.39666666666665,5,2,Mobile App,Credit Card,35,2021-06-16,1295,0,0,361.1
CUST_001143,2024-05-17,4,3290.01,470.0014285714286,13,5,Website,Credit Card,229,2020-06-06,1670,0,1,2888.86
CUST_001144,2023-02-09,2,158.11,39.5275,11,4,Mobile App,Credit Card,692,2020-12-13,1480,0,1,78.1
CUST_001145,2024-04-05,5,80.68,10.085,16,3,Website,PayPal,271,2020-06-07,1669,0,1,88.55
CUST_001146,2023-09-18,4,1513.5700000000002,252.26166666666668,8,4,Marketplace,Apple Pay,471,2022-06-07,939,0,1,2358.36
CUST_001147,2024-07-06,4,703.17,100.45285714285714,11,5,Website,PayPal,179,2022-06-02,944,0,1,1093.61
CUST_001148,2024-07-20,3,469.97,93.994,6,3,Mobile App,Debit Card,165,2022-07-10,906,0,1,571.45
CUST_001149,2024-06-15,3,111.59,22.318,7,4,Mobile App,Debit Card,200,2020-08-22,1593,0,1,77.09
CUST_001150,2023-03-02,3,92.53999999999999,30.846666666666664,5,2,Mobile App,Apple Pay,671,2021-10-23,1166,0,1,87.03
CUST_001151,2024-08-06,3,64.24000000000001,21.413333333333338,4,2,Website,Credit Card,148,2021-02-08,1423,0,1,49.77
CUST_001152,2024-10-08,4,775.1,129.18333333333334,9,3,Website,Apple Pay,85,2020-09-13,1571,0,0,728.81
CUST_001153,2023-06-02,2,35.71,11.903333333333334,5,3,In-Store,Credit Card,579,2021-11-07,1151,0,1,22.69
CUST_001154,2022-11-01,1,95.67,47.835,3,2,Website,Debit Card,792,2021-08-11,1239,0,1,28.22
CUST_001155,2022-04-01,2,133.45,66.725,2,2,In-Store,Credit Card,1006,2021-08-19,1231,0,1,79.22
CUST_001156,2024-07-23,5,996.9,142.4142857142857,11,4,Website,Credit Card,162,2021-07-11,1270,1,1,1441.4
CUST_001157,2024-12-21,5,675.07,96.43857142857144,11,4,Mobile App,Credit Card,11,2022-06-23,923,0,0,1456.12
CUST_001158,2023-12-04,4,1178.98,168.4257142857143,15,4,Website,Apple Pay,394,2022-07-01,915,0,1,1885.99
CUST_001159,2024-03-04,2,228.4,76.13333333333334,4,2,In-Store,PayPal,303,2020-02-16,1781,0,1,93.93
CUST_001160,2024-08-12,7,679.38,67.938,17,5,Website,Debit Card,142,2020-07-31,1615,0,1,1082.38
CUST_001161,2024-02-25,2,18.07,9.035,3,2,Mobile App,Credit Card,311,2021-04-23,1349,0,1,9.81
CUST_001162,2023-07-19,2,1861.43,620.4766666666667,9,3,Website,Debit Card,532,2021-05-01,1341,0,1,1015.21
CUST_001163,2024-12-02,4,1071.19,178.53166666666667,14,3,Mobile App,Credit Card,30,2021-07-24,1257,0,0,1285.66
CUST_001164,2023-04-05,2,19.25,4.8125,4,3,Website,Debit Card,637,2021-07-19,1262,0,1,11.15
CUST_001165,2024-08-04,3,203.63,33.93833333333333,9,5,Website,Debit Card,150,2020-12-07,1486,0,1,151.05
CUST_001166,2024-05-21,2,42.67,14.223333333333334,7,2,Website,Bank Transfer,225,2021-06-07,1304,0,1,23.99
CUST_001167,2023-10-05,2,2467.86,822.62,4,2,Website,PayPal,454,2021-12-04,1124,0,1,1606.32
CUST_001168,2024-06-06,3,77.11,15.422,8,5,Mobile App,Bank Transfer,209,2021-05-17,1325,0,1,64.03
CUST_001169,2024-06-26,4,192.71,27.53,11,5,In-Store,PayPal,189,2020-01-06,1822,0,1,155.24
CUST_001170,2024-08-19,3,283.95000000000005,70.98750000000001,7,3,Website,Credit Card,135,2022-03-31,1007,0,1,311.05
CUST_001172,2024-02-13,3,48.95,9.790000000000001,7,4,Mobile App,Debit Card,323,2022-05-07,970,0,1,55.43
CUST_001173,2024-04-01,5,1915.78,319.2966666666667,8,3,Website,Credit Card,275,2020-09-17,1567,1,1,2239.32
CUST_001174,2024-12-14,5,5542.05,791.7214285714286,15,3,Mobile App,Credit Card,18,2021-08-07,1243,1,0,6907.84
CUST_001175,2024-08-11,3,985.68,246.42,5,2,Website,Debit Card,143,2021-11-16,1142,0,1,951.72
CUST_001176,2024-11-06,3,207.20000000000002,51.800000000000004,8,2,Mobile App,Credit Card,56,2020-08-19,1596,0,0,144.7
CUST_001177,2023-08-17,1,55.13,55.13,2,1,Website,Credit Card,503,2020-09-26,1558,0,1,12.94
CUST_001178,2022-07-30,1,17.51,17.51,1,1,In-Store,Debit Card,886,2022-07-28,888,0,1,7.21
CUST_001179,2023-03-30,3,27.22,6.805,5,3,Mobile App,Credit Card,643,2021-03-22,1381,0,1,21.62
CUST_001180,2024-07-04,7,8529.35,775.3954545454545,22,5,Website,Credit Card,181,2022-05-23,954,1,1,6907.84
CUST_001181,2024-06-10,5,491.63,44.693636363636365,16,6,Website,PayPal,205,2020-08-09,1606,0,1,561.4
CUST_001182,2023-11-19,2,157.38,78.69,4,1,Mobile App,Credit Card,409,2020-02-21,1776,0,1,64.85
CUST_001183,2024-12-21,5,408.9,58.41428571428571,10,4,Mobile App,Credit Card,11,2020-04-25,1712,0,0,475.52
CUST_001184,2024-03-20,2,539.62,269.81,5,1,Mobile App,Credit Card,287,2021-06-21,1290,0,1,306.43
CUST_001185,2024-09-22,5,181.09,22.63625,11,5,Mobile App,Credit Card,101,2021-07-18,1263,0,1,264.26
CUST_001186,2024-12-03,5,763.01,84.77888888888889,15,5,In-Store,Credit Card,29,2022-05-26,951,0,0,1514.73
CUST_001187,2023-10-02,3,246.63,82.21,6,2,Mobile App,PayPal,457,2021-06-24,1287,0,1,210.3
CUST_001188,2023-09-19,5,196.29,28.041428571428572,16,4,In-Store,PayPal,470,2020-01-19,1809,0,1,198.45
CUST_001189,2024-07-28,4,131.65,18.807142857142857,10,4,In-Store,Apple Pay,157,2022-03-25,1013,0,1,190.95
CUST_001190,2023-04-25,1,73.87,73.87,2,1,Mobile App,Debit Card,617,2021-01-26,1436,0,1,18.81
CUST_001191,2023-10-24,1,5.0,5.0,1,1,Mobile App,Credit Card,435,2022-03-01,1037,0,1,1.76
CUST_001192,2023-04-26,3,271.69,67.9225,9,3,Website,Credit Card,616,2021-09-20,1199,0,1,248.53
CUST_001193,2023-08-08,4,191.92000000000002,38.384,7,2,Website,Debit Card,512,2021-09-09,1210,0,1,232.03
CUST_001195,2024-07-15,8,334.61,30.41909090909091,20,4,Website,Credit Card,170,2022-09-17,837,0,1,1174.2
CUST_001196,2024-04-14,2,74.83,24.94333333333333,3,2,In-Store,Apple Pay,262,2020-11-04,1519,0,1,36.1
CUST_001197,2024-11-22,3,1708.97,284.8283333333333,7,5,Mobile App,Apple Pay,40,2022-01-08,1089,0,0,1761.35
CUST_001198,2024-12-24,7,324.45,29.495454545454546,22,5,Mobile App,Credit Card,8,2022-05-13,964,0,0,967.42
CUST_001199,2024-09-10,4,1061.02,176.83666666666667,9,2,Marketplace,Credit Card,113,2020-07-04,1642,0,1,951.76
CUST_001200,2024-04-21,1,16.53,8.265,2,2,In-Store,Apple Pay,255,2020-09-17,1567,0,1,3.87
CUST_001201,2024-12-13,8,463.21999999999997,33.08714285714286,29,7,Website,Credit Card,19,2021-06-11,1300,0,0,1095.22
CUST_001202,2024-03-16,4,402.82,80.564,8,5,Website,Apple Pay,291,2020-09-29,1555,0,1,379.51
CUST_001203,2023-04-23,3,959.02,239.755,9,4,Mobile App,Debit Card,619,2020-06-08,1668,0,1,630.59
CUST_001204,2024-07-02,4,238.3,47.660000000000004,6,3,Website,PayPal,183,2022-05-19,958,0,1,365.16
CUST_001205,2024-11-14,2,525.15,175.04999999999998,4,3,Mobile App,Debit Card,48,2022-01-31,1066,0,0,367.12
CUST_001206,2023-12-12,3,428.57,107.1425,7,3,In-Store,Credit Card,386,2020-08-11,1604,0,1,293.33
CUST_001207,2024-10-01,7,664.66,83.0825,13,5,Website,Debit Card,92,2020-09-12,1572,0,1,1092.03
CUST_001208,2023-04-13,2,386.56,128.85333333333332,9,3,Marketplace,Debit Card,629,2020-06-28,1648,0,1,171.5
CUST_001209,2024-06-17,1,197.22,98.61,2,2,Mobile App,Debit Card,198,2020-01-20,1808,0,1,40.02
CUST_001210,2024-08-21,1,121.47,60.735,3,2,Website,Credit Card,133,2021-09-15,1204,0,1,37.1
CUST_001211,2022-03-19,1,39.65,39.65,2,1,Website,Apple Pay,1019,2021-09-23,1196,0,1,12.11
CUST_001212,2023-09-15,3,1113.0,185.5,9,3,Website,Debit Card,474,2021-12-06,1122,0,1,1088.51
CUST_001213,2023-10-23,3,1050.19,175.03166666666667,9,4,In-Store,Apple Pay,436,2021-04-12,1360,0,1,847.5
CUST_001214,2024-10-03,5,149.83,21.404285714285717,12,3,Mobile App,Debit Card,90,2021-09-14,1205,0,0,229.44
CUST_001215,2024-05-15,2,243.01,81.00333333333333,6,2,Mobile App,Apple Pay,231,2020-07-28,1618,0,1,110.11
CUST_001216,2024-08-30,5,1062.5,106.25,16,6,Website,Debit Card,124,2021-05-27,1315,1,1,1486.46
CUST_001217,2024-02-09,2,384.3,192.15,6,2,Mobile App,Debit Card,327,2020-02-27,1770,0,1,158.98
CUST_001218,2024-05-25,1,28.39,28.39,1,1,Website,Debit Card,221,2020-04-02,1735,0,1,6.0
CUST_001219,2023-10-22,2,1047.28,261.82,6,4,Website,Google Pay,437,2020-08-08,1607,0,1,476.83
CUST_001220,2024-10-13,1,81.46000000000001,40.730000000000004,3,2,Website,Debit Card,80,2021-12-23,1105,0,1,27.24
CUST_001221,2023-07-20,3,383.59000000000003,95.89750000000001,6,2,Website,Credit Card,531,2022-07-28,888,0,1,473.9
CUST_001222,2024-08-18,6,197.01,24.62625,13,4,Mobile App,PayPal,136,2020-08-19,1596,0,1,272.32
CUST_001223,2024-03-16,4,313.09,44.72714285714285,12,5,Website,Debit Card,291,2022-02-12,1054,0,1,435.18
CUST_001224,2024-02-28,5,1530.69,218.67000000000002,12,4,Website,Debit Card,308,2020-12-29,1464,1,1,1914.33
CUST_001225,2023-04-10,2,513.0899999999999,256.54499999999996,3,2,In-Store,Apple Pay,632,2021-09-06,1213,0,1,309.27
CUST_001226,2024-06-11,1,16.06,8.03,2,2,Mobile App,Credit Card,204,2021-07-15,1266,0,1,4.65
CUST_001227,2023-12-19,4,1449.92,241.65333333333334,11,3,Website,Debit Card,379,2021-01-08,1454,0,1,1459.74
CUST_001228,2023-08-04,4,345.17,43.14625,14,4,In-Store,Credit Card,516,2021-09-13,1206,0,1,418.68
CUST_001229,2024-08-10,2,58.120000000000005,29.060000000000002,2,1,Mobile App,Apple Pay,144,2021-03-31,1372,0,1,31.14
CUST_001230,2024-02-24,1,59.36,19.786666666666665,3,3,Mobile App,Debit Card,312,2020-03-28,1740,0,1,12.49
CUST_001231,2024-06-11,6,1922.1200000000001,213.5688888888889,12,6,Website,Credit Card,204,2020-01-20,1808,1,1,2339.64
CUST_001232,2024-02-01,4,1033.66,258.415,5,2,In-Store,Credit Card,335,2020-01-14,1814,0,1,834.43
CUST_001233,2022-02-07,1,104.33,104.33,2,1,Mobile App,Credit Card,1059,2020-05-12,1695,0,1,22.49
CUST_001234,2024-06-05,5,3776.9,539.5571428571428,15,4,In-Store,Debit Card,210,2022-07-25,891,1,1,6907.84
CUST_001235,2023-09-19,5,155.68,22.240000000000002,12,4,Mobile App,PayPal,470,2022-03-18,1020,0,1,279.14
CUST_001236,2024-02-25,4,594.55,99.09166666666665,9,3,Mobile App,Debit Card,311,2020-02-03,1794,0,1,485.41
CUST_001237,2024-06-06,2,77.27000000000001,19.317500000000003,7,4,Website,Google Pay,209,2022-06-10,936,0,1,60.55
CUST_001238,2024-12-13,2,183.53,45.8825,6,3,In-Store,Credit Card,19,2020-07-26,1620,0,0,87.05
CUST_001239,2022-02-28,1,38.35,38.35,2,1,In-Store,Debit Card,1038,2022-03-23,1015,0,1,13.8
CUST_001240,2024-10-21,3,882.5300000000001,176.50600000000003,6,3,Mobile App,Credit Card,72,2020-07-17,1629,0,0,601.47
CUST_001241,2023-06-09,3,738.87,123.145,14,4,Website,Debit Card,572,2021-08-14,1236,0,1,655.73
CUST_001242,2024-11-13,7,2808.66,351.0825,10,4,Website,Debit Card,49,2021-08-05,1245,1,0,5881.59
CUST_001243,2024-02-05,3,66.25999999999999,16.564999999999998,4,3,Website,Credit Card,331,2020-06-03,1673,0,1,43.5
CUST_001244,2024-05-07,2,318.5,79.625,7,3,Mobile App,Credit Card,239,2021-08-12,1238,0,1,188.59
CUST_001245,2024-10-31,3,660.76,110.12666666666667,13,5,Mobile App,Debit Card,62,2020-03-18,1750,0,0,420.12
CUST_001246,2024-10-20,6,216.15,21.615000000000002,21,6,Mobile App,Apple Pay,73,2020-06-20,1656,0,0,289.77
CUST_001247,2024-12-29,2,1232.1200000000001,308.03000000000003,5,3,In-Store,PayPal,3,2020-10-15,1539,0,0,779.25
CUST_001248,2023-08-31,3,3549.2799999999997,507.03999999999996,15,3,Mobile App,Debit Card,489,2021-06-28,1283,0,1,3035.39
CUST_001249,2024-10-04,1,58.09,58.09,1,1,Website,Apple Pay,89,2022-03-22,1016,0,1,21.1
CUST_001250,2023-08-17,3,509.34000000000003,127.33500000000001,5,3,Mobile App,Google Pay,503,2022-02-26,1040,0,1,537.34
CUST_001251,2023-09-04,2,228.93,76.31,6,2,Website,Credit Card,485,2022-05-28,949,0,1,176.46
CUST_001252,2024-10-31,3,35.71,7.142,7,3,Marketplace,Credit Card,62,2021-02-23,1408,0,0,28.22
CUST_001253,2023-05-18,4,371.39,41.26555555555555,14,5,Mobile App,Credit Card,594,2020-01-07,1821,0,1,298.27
CUST_001255,2024-10-12,3,150.88,30.176,6,2,Website,Credit Card,81,2020-08-27,1588,0,0,105.32
CUST_001256,2023-09-15,3,62.87,15.7175,4,2,Mobile App,Bank Transfer,474,2022-08-20,865,0,1,79.75
CUST_001257,2024-07-28,2,98.98,24.745,8,3,Mobile App,Debit Card,157,2021-02-26,1405,0,1,51.75
CUST_001258,2024-11-05,4,666.3199999999999,111.05333333333333,12,5,Mobile App,PayPal,57,2022-09-15,839,0,0,1179.85
CUST_001259,2023-06-23,1,55.34,55.34,1,1,Mobile App,Credit Card,558,2021-06-19,1292,0,1,15.66
CUST_001260,2022-11-12,3,1410.16,235.02666666666667,7,3,Marketplace,Debit Card,781,2021-12-26,1102,0,1,1403.0
CUST_001261,2024-12-18,6,244.91,27.212222222222223,16,4,Website,Debit Card,14,2020-03-10,1758,0,0,326.88
CUST_001262,2023-05-11,4,438.78000000000003,62.682857142857145,9,4,Website,Credit Card,601,2022-05-29,948,0,1,676.88
CUST_001263,2022-07-22,2,107.14,35.71333333333333,7,2,Mobile App,PayPal,894,2020-08-03,1612,0,1,48.57
CUST_001264,2024-05-09,7,1107.5900000000001,110.75900000000001,20,3,Website,Debit Card,237,2020-04-13,1724,1,1,1648.39
CUST_001265,2022-08-16,1,769.55,256.51666666666665,5,2,Website,PayPal,869,2021-12-27,1101,0,1,255.41
CUST_001266,2022-04-17,1,93.46,46.73,4,2,Mobile App,PayPal,990,2020-02-23,1774,0,1,19.25
CUST_001267,2024-10-13,3,779.93,129.98833333333332,9,4,In-Store,PayPal,80,2022-03-16,1022,0,0,846.08
CUST_001268,2024-09-12,2,47.34,23.67,3,1,Marketplace,Debit Card,111,2020-11-25,1498,0,1,23.28
CUST_001269,2024-03-02,2,164.09,82.045,2,1,In-Store,Credit Card,305,2022-04-27,980,0,1,122.63
CUST_001270,2024-01-14,4,543.04,90.50666666666666,7,4,Website,Debit Card,353,2020-07-21,1625,0,1,489.28
CUST_001271,2024-12-22,6,1684.65,187.18333333333334,16,5,Mobile App,Debit Card,10,2020-10-14,1540,1,0,2635.27
CUST_001272,2024-09-15,2,454.33,227.165,3,2,Website,Credit Card,108,2020-02-14,1783,0,1,187.74
CUST_001273,2024-04-18,3,86.39,21.5975,5,3,Marketplace,Debit Card,258,2022-04-08,999,0,1,95.06
CUST_001274,2024-10-20,4,188.27,26.895714285714288,7,5,Mobile App,Credit Card,73,2020-07-16,1630,0,0,170.94
CUST_001275,2023-12-17,2,554.19,184.73000000000002,9,3,Website,Credit Card,381,2020-08-03,1612,0,1,251.63
CUST_001276,2024-11-13,3,70.67,14.134,9,4,Mobile App,Credit Card,49,2021-04-25,1347,0,0,58.62
CUST_001277,2024-01-01,4,7044.02,1408.804,9,4,Website,Credit Card,366,2020-11-04,1519,0,1,6788.92
CUST_001278,2024-06-01,4,54.230000000000004,6.7787500000000005,11,6,Website,PayPal,214,2022-06-14,932,0,1,85.35
CUST_001279,2024-09-06,4,194.11,32.35166666666667,12,5,Mobile App,Debit Card,117,2021-03-10,1393,0,1,205.19
CUST_001280,2024-06-02,3,112.10000000000001,28.025000000000002,6,3,Mobile App,Credit Card,213,2020-11-27,1496,0,1,82.44
CUST_001281,2023-07-30,5,840.23,120.03285714285714,11,3,Mobile App,Credit Card,521,2021-11-26,1132,0,1,1357.21
CUST_001282,2022-12-06,1,934.4300000000001,311.4766666666667,7,3,Mobile App,PayPal,757,2020-01-27,1801,0,1,189.63
CUST_001283,2024-08-08,4,229.98,28.7475,15,5,Website,PayPal,146,2020-06-14,1662,0,1,203.41
CUST_001284,2023-01-07,2,395.02,131.67333333333332,3,2,In-Store,Credit Card,725,2020-11-13,1510,0,1,191.23
CUST_001285,2024-10-11,3,57.14,19.046666666666667,4,3,Website,PayPal,82,2020-09-30,1554,0,0,40.75
CUST_001286,2024-09-17,3,52.54,10.508,8,3,Mobile App,Credit Card,106,2021-01-17,1445,0,1,40.19
CUST_001287,2024-09-30,5,243.60999999999999,34.801428571428566,12,4,In-Store,PayPal,93,2020-12-30,1463,0,1,307.16
CUST_001289,2024-06-16,4,2657.37,379.6242857142857,15,3,Website,Credit Card,199,2022-08-17,868,0,1,4492.23
CUST_001290,2023-06-22,2,71.16,23.72,6,2,In-Store,Credit Card,559,2021-05-17,1325,0,1,39.28
CUST_001291,2024-07-31,7,1149.55,104.50454545454545,19,7,Mobile App,Debit Card,154,2022-04-24,983,1,1,3007.3
CUST_001292,2024-08-03,4,106.59,26.6475,5,1,In-Store,Credit Card,151,2021-01-07,1455,0,1,107.66
CUST_001293,2023-11-05,3,76.52000000000001,19.130000000000003,8,2,Mobile App,Credit Card,423,2021-09-07,1212,0,1,69.3
CUST_001294,2024-04-22,6,2055.09,228.34333333333336,21,7,Mobile App,Credit Card,254,2022-07-14,902,1,1,5009.28
CUST_001295,2024-07-29,3,687.1899999999999,171.79749999999999,7,3,Website,Debit Card,156,2020-09-01,1583,0,1,478.39
CUST_001296,2024-02-14,1,129.04,64.52,3,2,Mobile App,PayPal,322,2022-03-27,1011,0,1,46.73
CUST_001297,2023-01-16,1,520.28,173.42666666666665,3,3,Marketplace,Google Pay,716,2020-06-17,1659,0,1,114.63
CUST_001298,2024-10-26,6,812.51,90.27888888888889,16,7,Website,PayPal,67,2021-09-19,1200,0,0,1504.96
CUST_001299,2024-04-28,2,521.67,173.89,3,3,In-Store,Credit Card,248,2021-10-14,1175,0,1,325.41
CUST_001300,2024-10-22,3,707.37,141.474,7,4,Mobile App,PayPal,71,2021-02-21,1410,0,0,557.08
CUST_001301,2024-02-24,2,44.84,11.21,5,3,Website,PayPal,312,2020-12-21,1472,0,1,22.31
CUST_001302,2024-06-23,2,102.3,51.15,3,1,Marketplace,Apple Pay,192,2021-04-22,1350,0,1,55.61
CUST_001304,2024-02-16,3,142.96,35.74,6,3,Website,Debit Card,320,2021-06-20,1291,0,1,121.63
CUST_001305,2024-01-23,2,173.22,43.305,11,3,Website,Debit Card,344,2021-12-06,1122,0,1,113.03
CUST_001306,2024-09-24,1,30.810000000000002,15.405000000000001,3,2,Website,Google Pay,99,2022-06-14,932,0,1,12.19
CUST_001307,2023-03-14,5,1370.1,274.02,10,3,Mobile App,Apple Pay,659,2021-09-03,1216,1,1,2059.4
CUST_001308,2024-05-30,6,1229.63,81.97533333333334,24,7,Mobile App,Credit Card,216,2021-02-05,1426,1,1,1897.16
CUST_001309,2023-12-27,4,295.93,42.27571428571429,12,3,Website,Debit Card,371,2021-05-31,1311,0,1,330.45
CUST_001311,2024-09-29,1,126.55000000000001,42.18333333333334,6,3,In-Store,PayPal,94,2021-11-12,1146,0,1,40.73
CUST_001312,2024-01-17,2,4451.01,2225.505,4,1,Mobile App,Debit Card,350,2022-02-24,1042,0,1,3127.18
CUST_001313,2023-10-23,2,195.0,48.75,6,3,Mobile App,Credit Card,436,2020-09-10,1574,0,1,90.65
CUST_001314,2023-04-19,1,383.95,191.975,4,2,Marketplace,Debit Card,623,2020-04-30,1707,0,1,82.23
CUST_001315,2024-10-18,3,340.82,68.164,9,3,Website,Credit Card,75,2020-02-01,1796,0,0,210.56
CUST_001316,2024-08-09,4,398.67,79.73400000000001,8,3,Website,Credit Card,145,2021-10-22,1167,0,1,502.2
CUST_001317,2022-10-09,1,138.68,69.34,3,2,Mobile App,Debit Card,815,2022-02-16,1050,0,1,48.27
CUST_001318,2024-04-02,2,365.3,121.76666666666667,4,3,Website,Apple Pay,274,2020-02-06,1791,0,1,149.44
CUST_001319,2024-09-13,1,268.93,89.64333333333333,5,3,Website,Debit Card,110,2021-11-19,1139,0,1,86.96
CUST_001320,2024-08-07,4,226.75,37.791666666666664,9,4,Mobile App,Bank Transfer,147,2020-12-07,1486,0,1,224.3
CUST_001321,2024-03-31,4,860.1800000000001,107.52250000000001,13,5,Marketplace,Apple Pay,276,2020-01-13,1815,0,1,694.44
CUST_001322,2024-10-20,6,772.98,96.6225,14,5,Mobile App,Credit Card,73,2020-07-01,1645,0,0,1043.17
CUST_001323,2024-03-13,3,483.63,69.09,9,5,Website,PayPal,294,2021-10-18,1171,0,1,453.78
CUST_001324,2023-07-02,2,776.6,258.8666666666667,7,3,Website,Debit Card,549,2020-09-21,1563,0,1,363.37
CUST_001325,2023-09-04,4,801.35,133.55833333333334,9,3,In-Store,Google Pay,485,2020-03-28,1740,0,1,673.78
CUST_001326,2024-08-09,5,6271.97,570.179090909091,14,5,Website,Apple Pay,145,2022-07-28,888,1,1,6907.84
CUST_001327,2024-01-22,2,386.06,193.03,4,1,In-Store,Credit Card,345,2021-04-06,1366,0,1,206.91
CUST_001328,2024-11-19,6,970.1500000000001,88.19545454545455,15,6,In-Store,Debit Card,43,2020-02-15,1782,1,0,1220.0
CUST_001330,2023-11-17,2,23.26,11.63,2,2,In-Store,Debit Card,411,2020-04-28,1709,0,1,9.96
CUST_001331,2023-02-01,1,133.99,44.663333333333334,6,3,Mobile App,PayPal,700,2022-07-21,895,0,1,54.72
CUST_001332,2023-12-14,1,212.77,212.77,3,1,Website,PayPal,384,2021-06-14,1297,0,1,60.03
CUST_001333,2023-01-01,1,15.43,7.715,3,2,Website,Credit Card,731,2021-03-22,1381,0,1,4.08
CUST_001334,2024-11-18,5,210.43,30.06142857142857,13,3,Mobile App,PayPal,44,2022-01-01,1096,0,0,358.36
CUST_001335,2022-01-11,1,39.05,39.05,1,1,Mobile App,Debit Card,1086,2022-07-30,886,0,1,16.1
CUST_001336,2024-09-12,7,268.79,22.39916666666667,20,5,Website,Credit Card,111,2022-01-14,1083,0,1,639.84
CUST_001337,2024-09-10,1,45.21,45.21,1,1,In-Store,Bank Transfer,113,2021-08-28,1222,0,1,13.62
CUST_001338,2024-08-11,2,61.8,20.599999999999998,5,3,Mobile App,Credit Card,143,2022-08-24,861,0,1,52.76
CUST_001339,2024-08-07,4,2655.39,531.078,10,2,Website,Credit Card,147,2022-02-01,1065,0,1,3665.02
CUST_001340,2024-07-18,3,332.83,66.566,9,2,Mobile App,Credit Card,167,2022-01-31,1066,0,1,343.93
CUST_001341,2024-07-26,3,306.22,76.555,10,3,Website,Credit Card,159,2022-03-04,1034,0,1,326.32
CUST_001342,2024-08-08,3,2364.75,788.25,7,2,In-Store,Bank Transfer,146,2022-01-13,1084,0,1,2405.11
CUST_001344,2024-07-07,3,263.37,65.8425,4,2,Mobile App,Credit Card,178,2022-06-04,942,0,1,307.87
CUST_001345,2024-12-04,5,367.92,45.99,11,6,Website,Credit Card,28,2021-05-22,1320,0,0,526.84
CUST_001346,2024-12-23,4,1863.0700000000002,310.5116666666667,9,4,Website,Apple Pay,9,2021-07-11,1270,0,0,2379.77
CUST_001347,2024-09-25,3,564.25,94.04166666666667,13,5,Mobile App,PayPal,98,2022-08-28,857,0,1,728.31
CUST_001348,2023-10-06,4,60.29,12.058,7,4,Website,Apple Pay,453,2021-06-09,1302,0,1,67.76
CUST_001349,2023-04-03,1,19.66,19.66,1,1,Website,Google Pay,639,2021-08-19,1231,0,1,5.84
CUST_001350,2024-06-30,4,521.82,57.980000000000004,19,4,In-Store,Credit Card,185,2022-04-10,997,0,1,768.28
CUST_001351,2024-12-20,2,291.42999999999995,97.14333333333332,4,2,Website,Debit Card,12,2022-04-19,988,0,0,233.27
CUST_001352,2024-04-01,6,723.36,90.42,15,4,Website,Google Pay,275,2020-01-03,1825,0,1,871.19
CUST_001353,2024-09-13,3,109.32000000000001,21.864,7,3,Marketplace,Credit Card,110,2020-01-28,1800,0,1,67.11
CUST_001354,2024-12-23,4,287.32,57.464,6,3,Website,Debit Card,9,2021-01-15,1447,0,0,322.11
CUST_001355,2024-06-04,5,313.8,34.86666666666667,11,4,In-Store,Credit Card,211,2020-06-05,1671,0,1,344.34
CUST_001356,2024-09-19,5,186.99,20.776666666666667,14,6,Website,PayPal,104,2022-05-04,973,0,1,354.1
CUST_001357,2024-11-30,2,259.34000000000003,86.44666666666667,6,2,Mobile App,Credit Card,32,2022-07-02,914,0,0,213.6
CUST_001358,2023-11-24,3,6398.26,1279.652,9,3,Mobile App,Debit Card,404,2022-07-19,897,0,1,6907.84
CUST_001359,2024-10-08,3,759.7299999999999,126.62166666666666,11,4,Website,Credit Card,85,2021-05-25,1317,0,0,639.1
CUST_001360,2024-05-26,5,552.0699999999999,78.86714285714285,11,3,Website,Debit Card,220,2020-11-28,1495,0,1,676.99
CUST_001361,2024-05-07,2,889.9300000000001,296.6433333333334,4,3,Mobile App,Apple Pay,239,2022-04-23,984,0,1,662.97
CUST_001362,2023-09-06,2,110.80000000000001,55.400000000000006,5,2,Website,Credit Card,483,2021-11-17,1141,0,1,71.04
CUST_001363,2024-09-05,3,991.13,198.226,13,3,Website,Debit Card,118,2020-04-23,1714,0,1,638.56
CUST_001364,2024-09-03,4,726.19,121.03166666666668,9,5,Mobile App,PayPal,120,2021-01-23,1439,0,1,742.93
CUST_001365,2024-09-25,5,975.96,162.66,14,3,Website,Apple Pay,98,2021-05-01,1341,1,1,1341.76
CUST_001366,2024-11-03,4,855.3100000000001,142.55166666666668,12,1,Mobile App,Apple Pay,59,2022-04-22,985,0,0,1289.26
CUST_001367,2023-04-27,1,416.99,208.495,3,2,In-Store,Credit Card,615,2020-09-06,1578,0,1,96.61
CUST_001368,2023-11-28,6,461.03,65.86142857142856,14,4,Mobile App,Debit Card,400,2021-07-24,1257,0,1,805.23
CUST_001369,2024-08-31,1,93.25,93.25,1,1,Website,Apple Pay,123,2021-12-15,1113,0,1,30.83
CUST_001370,2024-06-03,4,2027.48,405.496,8,4,Mobile App,Apple Pay,212,2020-11-10,1513,0,1,1965.69
CUST_001371,2024-07-26,3,156.73999999999998,39.184999999999995,11,2,Marketplace,Google Pay,159,2020-08-26,1589,0,1,108.69
CUST_001372,2023-08-06,5,482.94,60.3675,20,4,Website,Credit Card,514,2020-08-21,1594,0,1,554.0
CUST_001373,2024-12-16,5,212.49,26.56125,12,4,Mobile App,Bank Transfer,16,2020-10-29,1525,0,0,270.18
CUST_001374,2024-05-07,2,255.05,51.010000000000005,8,3,Mobile App,Google Pay,239,2021-08-29,1221,0,1,153.12
CUST_001375,2023-12-19,2,45.32,22.66,5,1,Mobile App,Debit Card,379,2022-09-17,837,0,1,39.63
CUST_001376,2024-12-03,3,115.78999999999999,23.157999999999998,10,4,Mobile App,Credit Card,29,2021-10-14,1175,0,0,111.63
CUST_001377,2023-09-25,3,122.33,30.5825,5,3,Mobile App,PayPal,464,2020-11-29,1494,0,1,89.85
CUST_001378,2024-11-29,4,4355.82,483.97999999999996,17,5,Website,Apple Pay,33,2020-04-22,1715,0,0,3820.53
CUST_001379,2024-12-29,4,3776.02,629.3366666666667,9,4,Website,Debit Card,3,2021-09-12,1207,0,0,6090.02
CUST_001380,2022-10-06,1,1555.63,518.5433333333334,7,3,Mobile App,PayPal,818,2020-12-27,1466,0,1,387.79
CUST_001381,2024-12-10,2,456.95,114.2375,7,3,Website,Credit Card,22,2022-05-06,971,0,0,359.15
CUST_001382,2023-12-25,3,1312.96,328.24,8,3,Website,Credit Card,373,2022-03-11,1027,0,1,1403.65
CUST_001383,2024-08-01,4,52.919999999999995,13.229999999999999,8,3,In-Store,Credit Card,153,2020-04-06,1731,0,1,44.93
CUST_001384,2024-11-09,7,1423.23,177.90375,18,3,Mobile App,Credit Card,53,2022-08-15,870,1,0,4258.58
CUST_001385,2023-09-06,2,193.9,48.475,6,4,Website,Credit Card,483,2022-04-26,981,0,1,144.59
CUST_001386,2024-06-04,3,202.29000000000002,67.43,7,1,Mobile App,Apple Pay,211,2020-01-16,1812,0,1,122.82
CUST_001387,2024-12-03,6,452.18,41.10727272727273,20,7,Website,PayPal,29,2021-07-09,1272,0,0,805.36
CUST_001388,2023-11-24,7,2076.55,159.7346153846154,27,7,Website,Credit Card,404,2022-08-11,874,1,1,6085.49
CUST_001390,2024-08-14,5,398.36,49.795,11,3,Website,Credit Card,140,2022-01-11,1086,0,1,674.22
CUST_001391,2024-08-20,2,19.07,9.535,3,1,Mobile App,Apple Pay,134,2021-01-24,1438,0,1,9.75
CUST_001392,2022-01-03,1,132.55,44.18333333333334,4,3,Website,Debit Card,1094,2021-09-11,1208,0,1,40.09
CUST_001393,2023-10-01,4,275.15,45.85833333333333,7,4,Website,PayPal,458,2020-08-04,1611,0,1,249.9
CUST_001394,2023-10-15,1,133.08,44.36000000000001,7,3,Mobile App,Bank Transfer,444,2021-02-02,1429,0,1,34.07
CUST_001395,2024-06-13,5,179.73,29.955,9,2,Website,Debit Card,202,2020-09-16,1568,0,1,210.22
CUST_001396,2024-10-17,5,407.15,58.16428571428571,14,4,Mobile App,Credit Card,76,2022-04-03,1004,0,0,749.83
CUST_001397,2024-12-26,3,117.87,29.4675,4,3,Mobile App,Credit Card,6,2020-11-15,1508,0,0,99.85
CUST_001398,2024-06-10,1,490.31,490.31,1,1,Website,PayPal,205,2020-07-14,1632,0,1,110.19
CUST_001399,2024-12-15,3,251.13,62.7825,10,3,Website,Credit Card,17,2021-04-22,1350,0,0,215.68
CUST_001400,2024-09-09,5,537.12,89.52,11,3,Website,Debit Card,114,2021-02-21,1410,0,1,701.31
CUST_001401,2024-09-08,8,203.95,20.395,18,5,Mobile App,Credit Card,115,2021-04-19,1353,0,1,443.99
CUST_001402,2024-11-24,5,311.27,44.46714285714285,8,5,Website,Credit Card,38,2021-08-29,1221,0,0,477.49
CUST_001403,2024-04-19,3,185.39,37.077999999999996,9,3,Website,Bank Transfer,257,2021-07-21,1260,0,1,161.74
CUST_001404,2023-12-30,2,300.96000000000004,100.32000000000001,4,3,In-Store,Credit Card,368,2021-06-27,1284,0,1,171.57
CUST_001405,2023-06-14,2,428.71,71.45166666666667,11,4,Mobile App,Bank Transfer,567,2020-08-18,1597,0,1,196.31
CUST_001406,2024-09-27,9,6313.54,485.6569230769231,18,4,Website,Credit Card,96,2022-06-02,944,1,1,6907.84
CUST_001407,2023-12-14,4,1679.86,239.98,12,5,Website,PayPal,384,2021-06-04,1307,0,1,1881.39
CUST_001408,2023-06-23,1,24.24,12.12,3,2,Website,Google Pay,558,2021-12-03,1125,0,1,7.88
CUST_001410,2023-09-06,3,219.5,54.875,7,3,Marketplace,Debit Card,483,2020-07-18,1628,0,1,147.94
CUST_001411,2024-04-07,5,1057.18,132.1475,18,5,Website,Credit Card,269,2022-04-25,982,1,1,1972.02
CUST_001412,2024-05-19,3,229.5,76.5,9,1,In-Store,Credit Card,227,2021-11-03,1155,0,1,218.54
CUST_001413,2023-06-19,3,411.72,82.34400000000001,5,4,Website,Credit Card,562,2021-08-21,1229,0,1,367.48
CUST_001414,2024-07-27,3,2892.97,578.5939999999999,14,3,Mobile App,Apple Pay,158,2020-01-21,1807,0,1,1764.17
CUST_001415,2024-06-21,2,281.65999999999997,70.41499999999999,4,4,Website,Credit Card,194,2020-11-06,1517,0,1,136.24
CUST_001416,2024-01-03,3,168.63,42.1575,8,3,Mobile App,PayPal,364,2021-08-10,1240,0,1,149.32
CUST_001417,2024-08-07,3,1705.1799999999998,284.19666666666666,11,4,Mobile App,Debit Card,147,2022-08-10,875,0,1,2148.43
CUST_001418,2024-06-05,5,246.73,35.247142857142855,7,4,Website,Credit Card,210,2022-06-16,930,0,1,486.48
CUST_001419,2024-08-15,4,383.0,76.6,13,3,Website,Debit Card,139,2021-10-14,1175,0,1,479.32
CUST_001420,2023-12-04,2,48.91,24.455,2,1,Website,Apple Pay,394,2021-09-29,1190,0,1,30.08
CUST_001421,2024-03-25,5,770.27,110.03857142857143,14,5,Website,Debit Card,282,2022-02-01,1065,0,1,1324.63
CUST_001422,2024-11-04,3,82.19,27.396666666666665,5,2,Website,Credit Card,58,2022-06-18,928,0,0,98.65
CUST_001423,2022-09-23,2,270.24,135.12,6,2,Mobile App,Apple Pay,831,2021-08-18,1232,0,1,160.32
CUST_001424,2023-02-18,1,66.42,33.21,4,2,Website,Debit Card,683,2021-03-09,1394,0,1,17.42
CUST_001425,2024-12-03,4,679.59,113.265,18,3,Mobile App,Debit Card,29,2021-01-05,1457,0,0,704.47
CUST_001426,2024-01-22,3,160.97,40.2425,4,3,Mobile App,PayPal,345,2021-07-13,1268,0,1,139.41
CUST_001427,2023-04-11,2,318.71,79.6775,6,3,Mobile App,PayPal,631,2022-06-09,937,0,1,248.69
CUST_001428,2022-10-20,1,992.8,330.93333333333334,4,3,Mobile App,Debit Card,804,2020-03-18,1750,0,1,207.33
CUST_001429,2023-12-05,3,1292.35,215.39166666666665,10,3,Website,Credit Card,393,2021-06-25,1286,0,1,1103.21
CUST_001430,2024-02-08,6,520.78,65.0975,17,3,In-Store,Apple Pay,328,2020-10-11,1543,0,1,741.4
CUST_001431,2023-12-28,2,128.92000000000002,42.973333333333336,5,2,In-Store,Google Pay,370,2021-10-09,1180,0,1,79.97
CUST_001432,2024-12-29,4,1115.7,159.3857142857143,10,4,Mobile App,Debit Card,3,2020-05-19,1688,0,0,1286.67
CUST_001433,2024-08-01,3,140.23,28.046,10,3,In-Store,Debit Card,153,2021-07-06,1275,0,1,121.22
CUST_001434,2024-12-19,6,756.98,108.14,12,3,Website,Credit Card,13,2022-09-24,830,0,0,2150.97
CUST_001435,2024-10-06,6,234.7,29.3375,8,4,Website,Google Pay,87,2020-10-08,1546,0,0,336.29
CUST_001436,2024-08-02,2,390.38,78.076,10,3,Mobile App,Debit Card,152,2021-07-15,1266,0,1,226.58
CUST_001437,2024-05-24,4,114.84,12.76,16,6,Mobile App,PayPal,222,2020-09-14,1570,0,1,107.27
CUST_001438,2023-10-18,3,103.52,25.88,4,2,Website,Credit Card,441,2022-04-02,1005,0,1,113.05
CUST_001439,2024-05-27,5,789.46,112.78,9,3,Mobile App,Debit Card,219,2020-12-25,1468,0,1,985.93
CUST_001440,2024-12-07,3,399.81,79.962,9,3,Mobile App,Debit Card,25,2021-03-15,1388,0,0,328.03
CUST_001441,2023-09-05,3,1091.34,218.26799999999997,14,3,Mobile App,Credit Card,484,2020-09-26,1558,0,1,768.6
CUST_001442,2024-05-20,7,179.23,16.293636363636363,22,4,Mobile App,Debit Card,226,2020-05-13,1694,0,1,271.52
CUST_001443,2024-11-25,5,151.34,16.815555555555555,13,5,Website,Debit Card,37,2022-01-15,1082,0,0,262.16
CUST_001445,2023-03-06,2,83.22,27.74,5,2,Website,PayPal,667,2020-04-13,1724,0,1,35.29
CUST_001446,2024-11-19,5,530.13,48.193636363636365,23,8,Website,PayPal,43,2022-02-04,1062,0,0,932.19
CUST_001447,2024-09-18,5,150.26,21.465714285714284,10,3,Mobile App,PayPal,105,2020-04-04,1733,0,1,159.74
CUST_001448,2024-02-19,4,57.4,9.566666666666666,12,2,Mobile App,PayPal,317,2022-04-28,979,0,1,85.87
CUST_001449,2024-07-09,1,36.85,36.85,1,1,Website,PayPal,176,2021-12-29,1099,0,1,12.31
CUST_001450,2023-06-20,2,673.0799999999999,224.35999999999999,4,3,Website,Bank Transfer,561,2021-07-26,1255,0,1,392.21
CUST_001451,2024-11-22,6,1738.1,217.2625,11,5,Website,Debit Card,40,2021-04-24,1348,1,0,2894.36
CUST_001452,2024-01-15,2,57.230000000000004,19.076666666666668,4,3,Website,Google Pay,352,2022-02-18,1048,0,1,39.98
CUST_001453,2024-09-05,10,4290.86,238.3811111111111,31,6,Mobile App,PayPal,118,2020-08-28,1587,1,1,6907.84
CUST_001454,2024-04-04,6,573.88,71.735,16,4,Website,Debit Card,272,2020-01-13,1815,0,1,695.0
CUST_001455,2024-11-12,5,510.48,63.81,13,3,Website,Credit Card,50,2020-05-26,1681,0,0,565.29
CUST_001456,2024-11-29,5,643.44,91.92,19,4,Website,Credit Card,33,2022-07-28,888,0,0,1362.46
CUST_001457,2024-11-30,2,259.86,64.965,11,4,Website,Bank Transfer,32,2022-01-21,1076,0,0,181.81
CUST_001458,2024-02-17,4,1052.79,131.59875,12,5,Mobile App,Credit Card,319,2021-08-23,1227,0,1,1256.64
CUST_001459,2024-11-04,3,1020.6400000000001,255.16000000000003,9,3,Website,Credit Card,58,2020-04-04,1733,0,0,656.01
CUST_001460,2024-10-07,3,142.19,35.5475,7,4,Mobile App,Credit Card,86,2022-04-06,1001,0,0,157.35
CUST_001461,2024-01-29,1,313.54,313.54,3,1,Mobile App,Debit Card,338,2020-10-19,1535,0,1,74.78
CUST_001462,2024-12-11,4,579.9300000000001,115.98600000000002,9,3,Website,PayPal,21,2020-01-25,1803,0,0,491.97
CUST_001463,2024-05-21,4,437.17999999999995,87.43599999999999,11,3,In-Store,Debit Card,225,2020-09-28,1556,0,1,412.03
CUST_001464,2023-01-20,1,19.1,19.1,2,1,Website,Bank Transfer,712,2021-05-19,1323,0,1,5.28
CUST_001465,2023-10-06,1,175.38,87.69,3,2,Marketplace,PayPal,453,2020-06-14,1662,0,1,38.6
CUST_001466,2024-10-08,5,484.13,69.16142857142857,8,6,Website,Credit Card,85,2022-07-27,889,0,0,1005.55
CUST_001467,2022-02-06,1,271.90000000000003,135.95000000000002,3,2,Mobile App,Apple Pay,1060,2022-01-31,1066,0,1,93.19
CUST_001468,2023-09-17,6,360.90999999999997,36.090999999999994,17,6,Mobile App,Debit Card,472,2020-03-27,1741,0,1,454.95
CUST_001469,2024-11-04,5,2894.31,413.47285714285715,10,5,Website,Debit Card,58,2021-10-15,1174,1,0,4576.82
CUST_001470,2024-07-27,3,639.76,106.62666666666667,10,3,Mobile App,Credit Card,158,2021-10-07,1182,0,1,596.42
CUST_001471,2024-11-25,6,885.7,98.41111111111111,12,6,Mobile App,Credit Card,37,2022-09-11,843,0,0,2363.12
CUST_001472,2022-01-04,1,8.04,8.04,1,1,Website,Credit Card,1093,2022-03-01,1037,0,1,2.83
CUST_001473,2024-04-23,1,310.59000000000003,155.29500000000002,5,2,In-Store,Credit Card,253,2021-09-29,1190,0,1,95.64
CUST_001474,2024-03-07,1,134.22,134.22,1,1,Website,Bank Transfer,300,2022-04-07,1000,0,1,49.15
CUST_001475,2023-06-23,2,316.11,105.37,3,3,Website,Apple Pay,558,2021-05-05,1337,0,1,172.9
CUST_001476,2024-11-19,4,606.25,121.25,7,2,Website,Apple Pay,43,2022-06-26,920,0,0,984.47
CUST_001477,2024-07-14,5,253.96,50.792,10,2,Website,Credit Card,171,2020-05-20,1687,0,1,276.34
CUST_001478,2023-12-07,2,3294.14,1098.0466666666666,8,3,Mobile App,PayPal,391,2022-05-17,960,0,1,2511.33
CUST_001479,2024-04-17,4,184.72,36.944,8,2,Mobile App,Credit Card,259,2020-04-12,1725,0,1,156.95
CUST_001480,2024-09-05,6,1293.44,143.71555555555557,14,5,Website,Apple Pay,118,2020-08-13,1602,1,1,1783.17
CUST_001481,2024-03-14,4,403.57,100.8925,9,4,Website,Credit Card,293,2022-06-20,926,0,1,638.47
CUST_001482,2024-06-10,6,437.15999999999997,39.74181818181818,17,5,Mobile App,Debit Card,205,2021-07-28,1253,0,1,767.8
CUST_001483,2024-06-24,3,2372.36,593.09,12,4,In-Store,Credit Card,191,2020-10-20,1534,0,1,1702.3
CUST_001484,2023-09-19,3,558.94,93.15666666666668,8,4,Website,Google Pay,470,2022-06-14,932,0,1,658.09
CUST_001485,2023-07-21,3,135.55,27.110000000000003,10,5,Website,Credit Card,530,2020-11-01,1522,0,1,97.71
CUST_001486,2023-02-03,1,63.82,21.273333333333333,4,3,Marketplace,Debit Card,698,2020-09-10,1574,0,1,14.82
CUST_001487,2024-01-08,2,273.17,54.634,10,4,Mobile App,PayPal,359,2020-06-28,1648,0,1,121.34
CUST_001488,2024-12-24,9,1142.99,103.90818181818182,13,5,Mobile App,Apple Pay,8,2020-02-09,1788,1,0,2362.45
CUST_001489,2024-01-13,6,112.33,9.360833333333334,12,7,Mobile App,Debit Card,354,2022-02-14,1052,0,1,234.5
CUST_001490,2024-07-14,1,438.17,438.17,3,1,Website,Debit Card,171,2021-12-01,1127,0,1,142.74
CUST_001491,2024-11-22,2,108.08000000000001,54.040000000000006,3,2,Mobile App,Credit Card,40,2021-06-03,1308,0,0,61.83
CUST_001493,2024-10-03,4,2149.78,238.86444444444447,16,6,In-Store,Credit Card,90,2022-01-06,1091,0,0,2908.85
CUST_001494,2024-09-14,3,535.29,133.8225,8,2,Marketplace,Debit Card,109,2021-06-29,1282,0,1,461.4
CUST_001495,2024-05-13,2,406.97,203.485,2,1,In-Store,Debit Card,233,2020-08-23,1592,0,1,187.41
CUST_001496,2024-11-23,4,805.27,100.65875,17,6,Mobile App,Credit Card,39,2021-04-07,1365,0,0,883.4
CUST_001497,2024-11-19,1,435.54,435.54,2,1,Mobile App,Apple Pay,43,2020-08-15,1600,0,0,101.67
CUST_001498,2024-11-02,2,701.93,175.4825,11,4,In-Store,Apple Pay,60,2021-11-30,1128,0,0,461.83
CUST_001499,2024-09-12,3,3614.0499999999997,602.3416666666666,13,3,Mobile App,Debit Card,111,2022-04-04,1003,0,1,3981.09
CUST_001500,2023-01-27,2,179.54000000000002,89.77000000000001,3,1,Website,Debit Card,705,2021-04-27,1345,0,1,97.58
CUST_001501,2023-03-13,1,24.29,24.29,2,1,Website,Debit Card,660,2021-03-05,1398,0,1,6.35
CUST_001502,2022-06-18,2,799.5699999999999,199.89249999999998,11,4,Website,Debit Card,928,2020-01-22,1806,0,1,323.54
CUST_001503,2023-09-14,3,436.42,109.105,8,2,Website,Apple Pay,475,2020-12-08,1485,0,1,322.48
CUST_001504,2024-08-16,4,240.35000000000002,60.087500000000006,9,3,Mobile App,Apple Pay,138,2020-02-09,1788,0,1,197.68
CUST_001505,2023-10-29,2,1797.35,449.3375,9,4,Mobile App,Credit Card,430,2020-06-21,1655,0,1,794.63
CUST_001506,2024-09-11,6,2718.86,302.09555555555556,21,5,Mobile App,Debit Card,112,2021-03-14,1389,1,1,4325.03
CUST_001507,2024-07-22,3,204.41,51.1025,6,2,Marketplace,Google Pay,163,2020-06-27,1649,0,1,136.57
CUST_001508,2024-09-19,3,569.4100000000001,94.90166666666669,14,3,In-Store,Credit Card,104,2021-08-20,1230,0,1,511.79
CUST_001509,2024-04-01,2,382.68,127.56,5,3,In-Store,PayPal,275,2020-05-12,1695,0,1,165.41
CUST_001510,2024-02-05,2,169.65,42.4125,5,3,Mobile App,Credit Card,331,2020-12-16,1477,0,1,84.1
CUST_001511,2024-10-08,4,448.21000000000004,74.70166666666667,7,4,Website,Bank Transfer,85,2021-06-08,1303,0,0,508.12
CUST_001512,2023-04-24,3,779.09,194.7725,8,3,Mobile App,PayPal,618,2021-06-23,1288,0,1,663.42
CUST_001513,2023-11-09,1,414.72,414.72,5,1,In-Store,Bank Transfer,419,2021-05-20,1322,0,1,114.78
CUST_001514,2023-02-15,3,27.0,6.75,5,2,Marketplace,Debit Card,686,2020-03-24,1744,0,1,16.98
CUST_001515,2024-08-15,3,281.34999999999997,70.33749999999999,7,2,Mobile App,Credit Card,139,2022-09-19,835,0,1,371.61
CUST_001516,2024-02-23,3,118.34,23.668,10,4,Mobile App,Debit Card,313,2021-04-08,1364,0,1,95.31
CUST_001517,2024-11-04,6,667.25,95.32142857142857,12,4,Website,Credit Card,58,2022-04-09,998,0,0,1489.45
CUST_001518,2024-03-24,4,2111.01,263.87625,17,7,Website,Credit Card,283,2022-05-10,967,0,1,3198.52
CUST_001519,2023-10-16,4,908.36,181.672,5,4,Marketplace,Credit Card,443,2020-12-08,1485,0,1,895.08
CUST_001521,2024-12-30,1,208.31,69.43666666666667,5,3,Website,Bank Transfer,2,2022-05-15,962,0,0,118.55
CUST_001522,2024-01-13,2,489.42,122.355,5,3,Website,Apple Pay,354,2020-09-19,1565,0,1,228.94
CUST_001524,2023-10-13,1,124.99000000000001,62.495000000000005,2,2,Mobile App,Google Pay,446,2020-10-19,1535,0,1,29.79
CUST_001525,2024-12-27,4,3034.8,433.54285714285714,18,3,Mobile App,Credit Card,5,2021-05-23,1319,0,0,4031.06
CUST_001526,2023-06-29,1,371.76,371.76,3,1,Mobile App,Debit Card,552,2021-08-02,1248,0,1,108.92
CUST_001527,2024-04-28,4,1017.76,169.62666666666667,15,4,Website,PayPal,248,2020-08-13,1602,0,1,931.29
CUST_001528,2022-09-03,1,24.88,24.88,1,1,Website,PayPal,851,2020-06-18,1658,0,1,5.48
CUST_001529,2024-12-18,5,577.53,72.19125,12,5,Website,Debit Card,14,2021-08-20,1230,0,0,918.11
CUST_001530,2024-11-17,2,47.39,11.8475,4,3,Mobile App,Credit Card,45,2021-10-06,1183,0,0,29.89
CUST_001531,2024-03-13,5,495.9,70.84285714285714,18,3,Mobile App,Credit Card,294,2021-03-23,1380,0,1,658.04
CUST_001532,2024-05-30,4,5499.98,785.7114285714285,13,5,Website,Credit Card,216,2021-11-20,1138,0,1,6907.84
CUST_001534,2024-06-01,2,302.34,100.77999999999999,3,2,Mobile App,Credit Card,214,2021-05-16,1326,0,1,167.22
CUST_001535,2024-09-03,4,775.96,96.995,17,5,Website,Credit Card,120,2022-02-02,1064,0,1,1073.63
CUST_001536,2024-10-24,2,255.95000000000002,85.31666666666668,4,2,Website,PayPal,69,2021-06-10,1301,0,1,145.7
CUST_001537,2024-10-29,5,1904.91,380.982,11,3,Mobile App,Google Pay,64,2022-01-04,1093,1,0,3230.36
CUST_001538,2024-06-11,4,160.21,22.88714285714286,9,4,Mobile App,Credit Card,204,2021-01-13,1449,0,1,162.22
CUST_001539,2023-12-10,1,81.47,81.47,2,1,Marketplace,Credit Card,388,2020-07-19,1627,0,1,18.32
CUST_001540,2024-02-20,3,842.8100000000001,140.46833333333333,9,4,Website,Credit Card,316,2021-09-10,1209,0,1,765.75
CUST_001541,2023-02-15,2,1006.8,251.7,12,4,Website,Debit Card,686,2020-09-06,1578,0,1,466.44
CUST_001543,2024-12-27,2,854.86,170.972,7,4,Website,Debit Card,5,2021-02-12,1419,0,0,527.74
CUST_001544,2024-03-31,2,336.86,112.28666666666668,3,2,Website,Credit Card,276,2021-08-23,1227,0,1,201.14
CUST_001545,2024-11-04,5,672.1600000000001,112.02666666666669,18,6,Website,Debit Card,58,2020-05-04,1703,0,0,732.73
CUST_001546,2023-10-01,3,543.52,181.17333333333332,9,2,Website,Credit Card,458,2020-04-22,1715,0,1,347.79
CUST_001547,2023-05-03,1,238.51999999999998,119.25999999999999,5,2,Mobile App,Apple Pay,609,2022-09-07,847,0,1,102.95
CUST_001548,2024-03-22,2,600.41,200.13666666666666,5,3,Website,Google Pay,285,2020-05-16,1691,0,1,260.1
CUST_001549,2024-10-09,2,13.64,6.82,2,2,In-Store,Debit Card,84,2022-01-28,1069,0,1,9.43
CUST_001550,2024-03-17,4,3363.4,336.34000000000003,15,7,Website,Debit Card,290,2021-05-10,1332,0,1,3699.32
CUST_001551,2024-09-24,3,8277.14,2069.285,10,2,Website,PayPal,99,2021-11-08,1150,0,1,6907.84
CUST_001552,2024-05-14,3,214.18,35.696666666666665,11,5,Mobile App,Credit Card,232,2020-05-29,1678,0,1,140.37
CUST_001553,2024-02-06,3,205.10000000000002,68.36666666666667,4,2,Marketplace,Debit Card,330,2022-05-24,953,0,1,236.37
CUST_001554,2024-12-07,4,41.36,8.272,5,2,Mobile App,Credit Card,25,2020-12-08,1485,0,0,42.29
CUST_001555,2023-05-23,3,477.15000000000003,79.525,9,5,Website,PayPal,589,2022-08-02,883,0,1,592.71
CUST_001556,2022-06-08,1,234.74,117.37,6,2,Website,PayPal,938,2021-08-02,1248,0,1,68.73
CUST_001557,2024-11-14,4,1306.56,186.65142857142857,7,3,In-Store,Google Pay,48,2022-01-02,1095,0,0,1778.37
CUST_001559,2024-12-18,6,2862.9300000000003,286.293,18,5,Mobile App,Credit Card,14,2020-11-16,1507,1,0,4457.64
CUST_001560,2024-04-09,2,30.0,15.0,6,2,In-Store,Apple Pay,267,2022-04-01,1006,0,1,21.85
CUST_001561,2024-12-25,4,154.46,30.892000000000003,11,2,Mobile App,Credit Card,7,2022-07-14,902,0,0,285.73
CUST_001562,2024-01-14,6,627.9399999999999,69.77111111111111,13,5,Mobile App,Credit Card,353,2022-05-10,967,0,1,1426.15
CUST_001563,2023-07-11,2,4472.3,894.46,10,3,Mobile App,Credit Card,540,2021-06-15,1296,0,1,2523.78
CUST_001564,2024-12-30,3,188.56,26.937142857142856,17,5,Mobile App,Apple Pay,2,2020-10-15,1539,0,0,201.24
CUST_001565,2024-01-25,3,470.94,67.27714285714286,14,5,Mobile App,Debit Card,342,2021-05-03,1339,0,1,386.25
CUST_001566,2024-05-31,3,1229.8,307.45,8,2,Mobile App,Debit Card,215,2021-05-06,1336,0,1,1012.65
CUST_001567,2024-08-12,4,116.28,29.07,7,3,In-Store,Debit Card,142,2021-09-03,1216,0,1,140.6
CUST_001568,2024-05-22,2,384.43,128.14333333333335,6,3,In-Store,Debit Card,224,2020-09-08,1576,0,1,178.86
CUST_001569,2024-11-25,2,1205.24,241.048,10,4,Mobile App,PayPal,37,2022-09-08,846,0,0,1068.09
CUST_001570,2023-12-16,2,776.0799999999999,258.6933333333333,6,3,In-Store,Credit Card,382,2020-03-17,1751,0,1,324.4
CUST_001571,2024-02-07,1,68.85,68.85,1,1,Website,Debit Card,329,2021-10-08,1181,0,1,21.34
CUST_001572,2024-06-26,3,69.59,13.918000000000001,7,4,Website,PayPal,189,2021-01-26,1436,0,1,53.35
CUST_001573,2023-09-11,2,265.27,88.42333333333333,5,2,Mobile App,PayPal,478,2021-02-15,1416,0,1,137.04
CUST_001574,2024-07-12,3,132.6,44.199999999999996,4,1,In-Store,PayPal,173,2020-06-21,1655,0,1,88.24
CUST_001575,2024-11-18,3,83.17,16.634,10,4,Website,Credit Card,44,2022-05-24,953,0,0,97.73
CUST_001576,2024-03-10,3,154.82999999999998,25.804999999999996,11,3,Marketplace,Credit Card,297,2020-07-19,1627,0,1,104.55
CUST_001577,2024-04-09,3,284.82000000000005,94.94000000000001,6,2,Website,Credit Card,267,2020-08-04,1611,0,1,194.32
CUST_001578,2024-09-24,4,319.28,53.21333333333333,7,4,Mobile App,Apple Pay,99,2021-01-10,1452,0,1,324.28
CUST_001579,2023-08-04,2,83.06,41.53,3,2,Mobile App,Bank Transfer,516,2021-12-20,1108,0,1,54.83
CUST_001580,2022-09-29,1,147.52,49.17333333333334,7,3,Mobile App,Debit Card,825,2021-08-08,1242,0,1,43.41
CUST_001581,2024-06-15,2,230.26,115.13,7,1,In-Store,Credit Card,200,2020-01-11,1817,0,1,92.97
CUST_001582,2024-10-30,1,43.07,43.07,1,1,Website,Credit Card,63,2022-03-09,1029,0,1,15.52
CUST_001583,2024-05-20,7,222.44,18.536666666666665,15,6,Website,Credit Card,226,2022-02-06,1060,0,1,538.54
CUST_001584,2024-10-28,4,389.79999999999995,77.96,12,3,Mobile App,Google Pay,65,2020-01-12,1816,0,0,318.21
CUST_001585,2024-05-23,2,297.85,148.925,6,2,Marketplace,Apple Pay,223,2022-06-10,936,0,1,233.34
CUST_001586,2022-04-11,1,313.35,313.35,4,1,Mobile App,Credit Card,996,2022-09-17,837,0,1,136.78
CUST_001587,2024-05-29,2,291.85,72.9625,6,4,In-Store,Credit Card,217,2021-08-12,1238,0,1,172.89
CUST_001588,2023-10-12,3,378.89,75.77799999999999,8,3,Website,Credit Card,447,2021-03-10,1393,0,1,298.5
CUST_001589,2024-08-09,3,1181.9,236.38000000000002,10,2,Mobile App,Credit Card,145,2021-11-14,1144,0,1,1139.08
CUST_001591,2024-09-29,3,184.74,30.790000000000003,8,5,Website,Credit Card,94,2022-03-28,1010,0,1,202.42
CUST_001592,2023-01-11,3,1438.6000000000001,359.65000000000003,5,4,Website,Apple Pay,721,2021-01-07,1455,0,1,1084.16
CUST_001593,2024-08-02,2,309.74,77.435,5,3,In-Store,Google Pay,152,2020-09-29,1555,0,1,146.37
CUST_001594,2024-05-15,3,409.3,102.325,7,2,Website,Debit Card,231,2022-07-19,897,0,1,501.81
CUST_001595,2023-05-31,4,1539.12,307.82399999999996,7,3,In-Store,Debit Card,581,2022-06-15,931,0,1,2417.81
CUST_001596,2024-08-09,2,491.29,245.645,6,1,Mobile App,Credit Card,145,2022-07-13,903,0,1,399.91
CUST_001597,2024-02-08,3,271.59,90.52999999999999,8,2,Marketplace,Bank Transfer,328,2021-11-21,1137,0,1,262.36
CUST_001598,2024-02-11,3,243.32999999999998,81.11,5,2,Website,Apple Pay,325,2021-07-29,1252,0,1,213.47
CUST_001599,2024-07-02,1,43.44,14.479999999999999,3,2,Website,Credit Card,183,2021-05-23,1319,0,1,12.09
CUST_001600,2024-03-22,6,461.96999999999997,41.99727272727272,15,6,Website,Apple Pay,285,2020-05-11,1696,0,1,598.62
CUST_001601,2024-09-19,6,704.8,78.3111111111111,16,6,Mobile App,Credit Card,104,2022-05-04,973,0,1,1601.6
CUST_001602,2024-08-16,1,47.620000000000005,23.810000000000002,2,2,Mobile App,Apple Pay,138,2022-07-12,904,0,1,19.37
CUST_001603,2024-07-02,6,574.4300000000001,82.06142857142858,12,5,Website,PayPal,183,2022-02-22,1044,0,1,1211.57
CUST_001604,2023-10-26,2,82.27000000000001,20.567500000000003,4,4,In-Store,Apple Pay,433,2020-11-14,1509,0,1,39.89
CUST_001605,2024-12-05,3,296.94,74.235,5,2,Mobile App,Debit Card,27,2022-04-23,984,0,0,342.67
CUST_001606,2024-03-08,4,397.91999999999996,66.32,10,4,Mobile App,Credit Card,299,2022-08-06,879,0,1,663.15
CUST_001607,2024-05-30,3,338.41999999999996,112.80666666666666,8,3,Website,Credit Card,216,2022-05-02,975,0,1,381.83
CUST_001608,2024-10-06,5,569.01,113.80199999999999,8,3,Website,Credit Card,87,2021-09-12,1207,0,0,870.24
CUST_001609,2024-12-06,3,85.62,28.540000000000003,7,3,Mobile App,Apple Pay,26,2022-02-23,1043,0,0,93.35
CUST_001610,2024-03-27,4,168.72,24.102857142857143,10,4,Mobile App,Debit Card,280,2020-06-16,1660,0,1,148.92
CUST_001611,2024-12-06,3,2693.66,538.732,9,2,Mobile App,Credit Card,26,2021-01-31,1431,0,0,2140.46
CUST_001612,2024-10-28,3,247.25,49.45,10,3,Mobile App,Credit Card,65,2020-06-28,1648,0,0,166.81
CUST_001613,2024-04-30,3,135.4,45.13333333333333,6,3,In-Store,Debit Card,246,2020-02-27,1770,0,1,84.1
CUST_001614,2022-08-30,3,331.26,47.32285714285714,11,5,Website,Bank Transfer,855,2021-04-24,1348,0,1,269.4
CUST_001616,2024-05-28,3,272.38,90.79333333333334,7,2,Mobile App,Credit Card,218,2021-08-13,1237,0,1,242.22
CUST_001617,2023-07-08,3,210.37,52.5925,6,3,Mobile App,PayPal,543,2021-04-04,1368,0,1,168.7
CUST_001618,2024-02-23,4,221.09,24.565555555555555,14,8,Website,Credit Card,313,2020-03-01,1767,0,1,183.26
CUST_001619,2024-09-24,2,177.7,59.23333333333333,5,3,Marketplace,Bank Transfer,99,2021-01-03,1459,0,1,89.81
CUST_001620,2024-06-27,3,66.97999999999999,22.326666666666664,3,2,Mobile App,Bank Transfer,188,2020-04-30,1707,0,1,43.19
CUST_001621,2024-03-05,4,507.48,63.435,11,6,Website,Apple Pay,302,2021-12-19,1109,0,1,670.31
CUST_001622,2024-05-11,4,311.87,38.98375,14,4,Mobile App,PayPal,235,2021-06-29,1282,0,1,356.68
CUST_001623,2023-10-28,4,236.85000000000002,33.83571428571429,8,4,Mobile App,Credit Card,431,2021-08-04,1246,0,1,278.17
CUST_001624,2023-07-08,2,193.32999999999998,48.332499999999996,7,4,Website,PayPal,543,2020-01-17,1811,0,1,78.07
CUST_001625,2024-12-06,3,106.89999999999999,21.38,6,2,Website,Credit Card,26,2021-05-10,1332,0,0,91.26
CUST_001626,2024-02-09,4,87.85,12.549999999999999,16,3,Mobile App,Credit Card,327,2021-05-11,1331,0,1,96.66
CUST_001627,2024-10-25,2,55.67,18.55666666666667,5,3,Mobile App,PayPal,68,2021-05-19,1323,0,1,31.17
CUST_001629,2023-01-18,4,753.78,94.2225,21,3,In-Store,Bank Transfer,714,2022-08-26,859,0,1,1282.96
CUST_001630,2024-07-24,4,240.42,48.083999999999996,7,3,Mobile App,PayPal,161,2020-11-10,1513,0,1,233.44
CUST_001631,2024-07-17,8,1348.39,74.91055555555556,33,8,Mobile App,PayPal,168,2020-03-09,1759,1,1,2251.7
CUST_001632,2024-10-11,5,1322.27,132.227,26,6,In-Store,PayPal,82,2021-12-27,1101,1,0,2218.5
CUST_001633,2024-12-17,4,538.1500000000001,76.87857142857145,16,4,Website,Debit Card,15,2020-06-09,1667,0,0,502.75
CUST_001634,2024-01-30,2,292.9,97.63333333333333,4,3,Website,Google Pay,337,2021-09-05,1214,0,1,176.65
CUST_001635,2024-09-09,7,1377.17,114.76416666666667,27,6,In-Store,Credit Card,114,2022-06-06,940,1,1,3776.1
CUST_001636,2024-12-27,3,2678.45,535.6899999999999,9,4,Mobile App,Credit Card,5,2021-12-18,1110,0,0,3170.71
CUST_001637,2023-07-15,2,87.78999999999999,43.894999999999996,3,1,In-Store,Credit Card,536,2020-05-24,1683,0,1,38.15
CUST_001638,2024-01-10,3,180.23,45.0575,6,4,In-Store,Credit Card,357,2021-07-22,1259,0,1,157.19
CUST_001639,2023-03-06,3,288.23,57.646,7,3,Mobile App,Credit Card,667,2021-08-17,1233,0,1,256.35
CUST_001641,2023-11-15,3,1204.63,301.1575,7,3,In-Store,Debit Card,413,2021-01-19,1443,0,1,916.33
CUST_001643,2024-09-23,1,86.92,86.92,1,1,Website,Debit Card,100,2022-07-11,905,0,1,35.41
CUST_001644,2024-09-01,3,733.61,146.722,7,4,Website,Credit Card,122,2021-03-29,1374,0,1,589.44
CUST_001645,2023-04-02,3,277.61,55.522000000000006,7,5,In-Store,Credit Card,640,2021-11-29,1129,0,1,269.67
CUST_001646,2024-03-08,4,609.16,101.52666666666666,12,4,Website,Apple Pay,299,2021-06-01,1310,0,1,681.18
CUST_001647,2022-04-06,1,46.01,46.01,2,1,Website,Apple Pay,1001,2022-05-14,963,0,1,17.46
CUST_001648,2023-02-05,1,972.16,486.08,5,2,In-Store,Bank Transfer,696,2020-12-15,1478,0,1,240.43
CUST_001649,2024-12-27,3,443.76,110.94,5,3,Mobile App,Credit Card,5,2020-04-19,1718,0,0,339.41
CUST_001650,2024-10-26,2,541.51,180.50333333333333,6,2,Mobile App,Credit Card,67,2021-04-27,1345,0,1,298.29
CUST_001652,2024-08-09,6,148.29,21.184285714285714,13,4,Website,Credit Card,145,2021-10-11,1178,0,1,277.58
CUST_001653,2023-01-01,1,18.53,18.53,1,1,Website,PayPal,731,2020-02-20,1777,0,1,3.81
CUST_001654,2024-01-12,3,47.56,11.89,4,3,Mobile App,Debit Card,355,2021-02-06,1425,0,1,36.65
CUST_001655,2024-11-01,4,128.72,25.744,8,3,Website,Credit Card,61,2021-07-16,1265,0,0,151.0
CUST_001656,2024-02-16,2,50.81,12.7025,8,3,Mobile App,Credit Card,320,2021-04-20,1352,0,1,27.52
CUST_001657,2024-10-13,5,528.06,75.43714285714285,14,5,Mobile App,Credit Card,80,2020-03-27,1741,0,0,560.46
CUST_001658,2024-03-06,4,97.56,10.84,16,4,Mobile App,Credit Card,301,2020-03-08,1760,0,1,81.2
CUST_001659,2023-10-20,3,429.6,107.4,9,4,Website,PayPal,439,2021-08-18,1232,0,1,382.7
CUST_001660,2022-09-22,2,62.45,20.816666666666666,4,2,Website,Google Pay,832,2022-09-05,849,0,1,53.76
CUST_001661,2024-01-28,5,931.14,155.19,12,4,Website,PayPal,339,2020-02-11,1786,1,1,954.28
CUST_001662,2024-02-08,2,157.39,78.695,5,2,Mobile App,Credit Card,328,2021-12-31,1097,0,1,105.05
CUST_001663,2024-11-06,5,394.23,43.803333333333335,13,7,In-Store,Apple Pay,56,2020-02-26,1771,0,0,413.51
CUST_001664,2024-07-24,7,337.58000000000004,33.758,15,5,Website,Credit Card,161,2022-01-07,1090,0,1,796.21
CUST_001665,2024-11-03,3,879.5699999999999,125.65285714285713,13,4,Website,PayPal,59,2020-07-14,1632,0,0,600.16
CUST_001666,2024-12-01,4,200.46,50.115,5,2,Mobile App,Apple Pay,31,2022-01-29,1068,0,0,282.88
CUST_001667,2024-03-19,6,541.0699999999999,60.11888888888888,14,5,Website,Credit Card,288,2021-11-08,1150,0,1,1033.96
CUST_001668,2024-05-01,2,285.43,71.3575,7,4,Website,Credit Card,245,2020-03-02,1766,0,1,118.47
CUST_001669,2024-12-28,4,1738.88,347.776,7,2,Mobile App,Credit Card,4,2020-09-19,1565,0,0,2027.77
CUST_001670,2023-10-05,1,15.3,15.3,1,1,Website,Debit Card,454,2020-04-21,1716,0,1,3.26
CUST_001671,2024-07-25,5,72.53,12.088333333333333,10,3,Mobile App,Bank Transfer,160,2022-02-03,1063,0,1,125.3
CUST_001672,2024-04-07,5,929.99,132.8557142857143,9,5,In-Store,Credit Card,269,2021-12-11,1117,1,1,1525.1
CUST_001673,2023-08-12,5,737.8399999999999,81.98222222222222,16,6,Website,Credit Card,508,2020-06-26,1650,0,1,817.7
CUST_001674,2024-05-23,4,162.18,32.436,11,3,In-Store,Credit Card,223,2022-08-05,880,0,1,270.28
CUST_001675,2024-07-20,4,97.48,19.496000000000002,10,5,Website,Debit Card,165,2020-01-26,1802,0,1,79.46
CUST_001676,2024-03-30,3,214.35,35.725,9,4,Website,Credit Card,277,2021-02-13,1418,0,1,166.12
CUST_001677,2024-12-06,4,1075.53,179.255,12,2,Mobile App,Apple Pay,26,2022-01-27,1070,0,0,1523.99
CUST_001678,2024-12-05,5,6276.6900000000005,627.6690000000001,17,3,Mobile App,Credit Card,27,2021-06-14,1297,1,0,6907.84
CUST_001679,2023-08-18,5,267.01,33.37625,10,3,Mobile App,Debit Card,502,2022-02-15,1051,0,1,464.57
CUST_001680,2024-09-09,4,426.59,60.94142857142857,10,3,Mobile App,Debit Card,114,2020-11-12,1511,0,1,415.81
CUST_001681,2024-07-05,4,1555.81,222.25857142857143,16,4,Website,Debit Card,180,2021-06-15,1296,0,1,1762.42
CUST_001682,2024-06-16,4,46.77,11.6925,7,1,Website,Credit Card,199,2020-04-15,1722,0,1,39.85
CUST_001683,2024-03-20,1,57.51,57.51,4,1,Website,PayPal,287,2022-01-18,1079,0,1,19.52
CUST_001684,2022-10-26,4,359.6,89.9,8,2,Website,Debit Card,798,2022-03-28,1010,0,1,520.47
CUST_001685,2024-09-13,3,222.86999999999998,44.574,9,4,Website,Apple Pay,110,2021-04-08,1364,0,1,180.54
CUST_001686,2024-04-20,1,37.61,37.61,1,1,Website,PayPal,256,2020-09-02,1582,0,1,8.71
CUST_001687,2024-04-05,5,4171.37,417.137,13,6,Website,PayPal,271,2020-03-21,1747,1,1,4373.69
CUST_001688,2023-07-06,2,290.39,72.5975,7,3,Mobile App,PayPal,545,2021-10-23,1166,0,1,182.14
CUST_001689,2024-10-19,5,590.2,73.775,12,5,Mobile App,PayPal,74,2022-06-27,919,0,0,1187.89
CUST_001690,2024-03-20,3,89.65,22.4125,6,2,Website,PayPal,287,2021-01-30,1432,0,1,68.79
CUST_001691,2023-09-20,2,2341.46,780.4866666666667,8,3,In-Store,Credit Card,469,2021-06-05,1306,0,1,1311.57
CUST_001692,2023-10-07,5,1326.64,165.83,11,6,Website,Credit Card,452,2022-04-12,995,1,1,2438.67
CUST_001693,2024-09-19,4,117.5,16.785714285714285,13,3,Website,PayPal,104,2022-01-05,1092,0,1,158.61
CUST_001694,2024-11-09,3,162.04,40.51,5,4,Website,Debit Card,53,2022-07-14,902,0,0,200.42
CUST_001696,2024-07-03,4,1068.48,213.696,11,3,Mobile App,Debit Card,182,2021-10-22,1167,0,1,1344.09
CUST_001697,2024-09-19,4,141.98,23.66333333333333,9,5,Website,Apple Pay,104,2022-02-28,1038,0,1,201.62
CUST_001698,2024-07-26,3,280.86,93.62,4,2,Website,Credit Card,159,2020-09-30,1554,0,1,199.15
CUST_001699,2024-11-03,8,185.07,12.338,22,5,Mobile App,Credit Card,59,2021-12-06,1122,0,0,489.81
CUST_001700,2022-09-30,2,106.57,53.285,2,1,In-Store,Apple Pay,824,2022-08-01,884,0,1,88.11
CUST_001701,2024-10-17,4,96.55,24.1375,5,3,Website,Credit Card,76,2020-06-20,1656,0,0,86.24
CUST_001703,2022-06-07,1,9.76,9.76,1,1,Website,PayPal,939,2022-08-20,865,0,1,4.12
CUST_001704,2024-02-06,6,679.15,84.89375,8,3,Mobile App,Debit Card,330,2022-04-01,1006,0,1,1482.95
CUST_001705,2024-01-17,1,22.13,22.13,2,1,Website,Debit Card,350,2020-01-26,1802,0,1,4.5
CUST_001707,2024-04-13,4,240.53,40.08833333333333,9,4,Website,Credit Card,263,2022-05-11,966,0,1,364.92
CUST_001708,2023-02-20,2,347.34000000000003,173.67000000000002,4,1,Mobile App,Credit Card,681,2021-04-20,1352,0,1,187.82
CUST_001709,2024-11-30,5,853.11,85.311,11,6,Website,Credit Card,32,2020-12-21,1472,0,0,1090.75
CUST_001710,2022-06-16,1,141.9,141.9,1,1,Website,PayPal,930,2020-01-26,1802,0,1,28.77
CUST_001711,2023-06-24,2,995.21,248.8025,9,2,Mobile App,Apple Pay,557,2020-02-03,1794,0,1,405.69
CUST_001712,2024-06-24,6,615.92,76.99,12,4,Mobile App,Credit Card,191,2020-09-20,1564,0,1,866.96
CUST_001713,2023-04-03,2,84.99000000000001,28.330000000000002,5,2,Marketplace,Debit Card,639,2020-05-17,1690,0,1,36.77
CUST_001714,2024-10-14,6,1340.18,167.5225,13,3,Website,Credit Card,79,2022-03-26,1012,1,0,2936.9
CUST_001715,2023-08-17,1,51.38,51.38,4,1,In-Store,Debit Card,503,2021-11-25,1133,0,1,16.59
CUST_001716,2024-05-12,4,119.3,23.86,5,4,Website,Credit Card,234,2022-05-24,953,0,1,183.55
CUST_001718,2024-05-02,4,930.25,132.89285714285714,12,5,Mobile App,Credit Card,244,2021-07-19,1262,0,1,1080.61
CUST_001719,2023-09-08,2,34.18,17.09,2,1,In-Store,Credit Card,481,2021-04-06,1366,0,1,18.3
CUST_001720,2024-03-23,3,94.59,23.6475,6,3,In-Store,Credit Card,284,2020-06-16,1660,0,1,62.61
CUST_001721,2023-06-13,4,467.09000000000003,77.84833333333334,8,4,Mobile App,Credit Card,568,2021-09-22,1197,0,1,570.72
CUST_001722,2024-08-10,3,350.09000000000003,87.52250000000001,6,2,Mobile App,Debit Card,144,2021-10-16,1173,0,1,329.08
CUST_001723,2024-12-02,6,3275.05,297.7318181818182,24,6,Mobile App,PayPal,30,2020-03-21,1747,1,0,4242.38
CUST_001724,2024-06-23,5,857.59,122.51285714285714,13,4,Website,Apple Pay,192,2022-01-26,1071,0,1,1468.96
CUST_001725,2024-08-19,4,176.39999999999998,35.279999999999994,7,3,Website,Debit Card,135,2022-07-02,914,0,1,283.86
CUST_001726,2024-09-14,4,297.68,59.536,8,4,In-Store,Credit Card,109,2022-05-13,964,0,1,454.98
CUST_001727,2024-10-03,5,1067.3,133.4125,13,4,Website,Credit Card,90,2022-05-19,958,1,0,2055.81
CUST_001728,2023-07-22,2,147.81,73.905,2,1,Marketplace,Credit Card,529,2021-02-10,1421,0,1,76.08
CUST_001730,2024-07-20,6,4702.29,587.78625,13,3,Website,Credit Card,165,2020-02-15,1782,1,1,5813.93
CUST_001731,2024-06-23,5,463.14,46.314,14,6,Mobile App,Debit Card,192,2021-08-21,1229,0,1,691.32
CUST_001732,2024-11-09,4,2601.1,371.5857142857143,13,6,Mobile App,Debit Card,53,2021-09-02,1217,0,0,3179.34
CUST_001733,2023-08-04,1,725.5,362.75,3,2,Mobile App,Credit Card,516,2022-03-17,1021,0,1,259.86
CUST_001734,2024-06-19,7,546.78,49.70727272727272,18,5,Website,Debit Card,196,2022-06-29,917,0,1,1531.24
CUST_001735,2024-12-11,4,88.84,14.806666666666667,7,3,Mobile App,Apple Pay,21,2020-02-22,1775,0,0,76.55
CUST_001736,2023-12-22,3,223.56,74.52,5,1,Website,PayPal,376,2022-09-10,844,0,1,290.82
CUST_001737,2024-04-12,3,79.9,15.98,7,4,Website,Credit Card,264,2021-12-04,1124,0,1,78.13
CUST_001738,2024-05-03,1,99.34,99.34,2,1,Website,PayPal,243,2022-08-16,869,0,1,41.9
CUST_001739,2023-02-09,6,265.81,37.972857142857144,10,3,Website,Debit Card,692,2021-04-20,1352,0,1,431.19
CUST_001740,2024-10-12,2,889.4599999999999,222.36499999999998,13,4,Marketplace,Credit Card,81,2021-08-14,1236,0,1,531.81
CUST_001741,2024-01-11,5,508.15,46.195454545454545,18,6,Mobile App,Apple Pay,356,2020-01-16,1812,0,1,513.23
CUST_001742,2024-08-29,5,1465.55,162.83888888888887,21,4,In-Store,Debit Card,125,2020-12-25,1468,1,1,1836.53
CUST_001743,2024-01-26,6,2111.95,263.99375,13,4,Website,PayPal,341,2021-05-01,1341,1,1,3459.16
CUST_001744,2023-11-02,4,52.04,10.408,8,3,Website,Credit Card,426,2022-04-17,990,0,1,76.93
CUST_001745,2024-06-26,3,229.15,57.2875,11,4,Mobile App,Credit Card,189,2021-12-06,1122,0,1,224.82
CUST_001746,2024-12-17,3,855.84,122.26285714285714,12,3,Website,Credit Card,15,2021-05-16,1326,0,0,753.86
CUST_001747,2024-12-16,4,279.64,39.94857142857143,12,7,Marketplace,Bank Transfer,16,2020-05-20,1687,0,0,257.14
CUST_001748,2024-01-10,3,459.46,114.865,8,3,Mobile App,Credit Card,357,2021-09-11,1208,0,1,417.65
CUST_001749,2023-04-27,2,151.82,50.60666666666666,3,2,Website,Credit Card,615,2022-03-25,1013,0,1,109.58
CUST_001750,2023-11-11,3,98.25999999999999,16.376666666666665,13,4,Mobile App,Debit Card,417,2022-02-15,1051,0,1,102.62
CUST_001751,2024-03-13,3,577.61,192.53666666666666,7,2,Website,Apple Pay,294,2021-03-22,1381,0,1,459.55
CUST_001752,2024-09-16,4,1266.98,180.99714285714285,16,4,Website,Credit Card,107,2020-10-16,1538,0,1,1213.97
CUST_001753,2023-04-28,4,1292.06,215.34333333333333,14,4,In-Store,Credit Card,614,2020-07-27,1619,0,1,1167.07
CUST_001754,2024-03-22,4,202.89000000000001,25.361250000000002,14,5,Mobile App,Credit Card,285,2021-04-19,1353,0,1,219.7
CUST_001755,2023-06-06,4,68.83,13.766,5,4,In-Store,Apple Pay,575,2021-02-16,1415,0,1,71.14
CUST_001756,2023-12-14,4,241.89,40.315,9,3,Mobile App,Credit Card,384,2021-11-07,1151,0,1,307.63
CUST_001757,2024-07-18,4,495.14,99.02799999999999,9,4,Mobile App,Debit Card,167,2021-03-02,1401,0,1,519.08
CUST_001758,2024-01-07,1,167.82,167.82,1,1,Mobile App,Credit Card,360,2022-05-03,974,0,1,63.06
CUST_001759,2024-02-15,2,275.06,137.53,2,2,Mobile App,Credit Card,321,2021-01-05,1457,0,1,138.24
CUST_001760,2024-05-15,5,350.13,50.01857142857143,15,4,In-Store,PayPal,231,2022-04-11,996,0,1,644.33
CUST_001761,2023-07-10,1,68.19,68.19,1,1,Mobile App,PayPal,541,2021-10-25,1164,0,1,21.42
CUST_001762,2024-08-02,3,5325.99,887.665,13,4,Mobile App,PayPal,152,2022-08-24,861,0,1,6818.03
CUST_001763,2024-12-05,2,318.97999999999996,106.32666666666665,5,3,Website,Debit Card,27,2020-10-16,1538,0,0,157.01
CUST_001764,2024-01-05,1,24.71,24.71,1,1,Mobile App,Debit Card,362,2021-03-07,1396,0,1,6.48
CUST_001765,2023-11-27,2,48.93,12.2325,8,4,In-Store,Credit Card,401,2020-09-24,1560,0,1,22.95
CUST_001766,2024-10-27,3,44.36,11.09,4,3,Website,Apple Pay,66,2020-05-30,1677,0,0,29.4
CUST_001767,2024-07-12,5,533.88,76.26857142857143,11,4,Mobile App,Credit Card,173,2021-12-19,1109,0,1,883.65
CUST_001768,2024-11-10,8,659.47,47.105000000000004,22,6,Website,PayPal,52,2020-09-11,1573,0,0,1247.73
CUST_001769,2022-12-17,2,498.31,249.155,3,2,Mobile App,Apple Pay,746,2020-12-18,1475,0,1,246.95
CUST_001770,2024-11-27,3,920.45,153.40833333333333,9,4,Website,Bank Transfer,35,2021-01-11,1451,0,0,714.47
CUST_001771,2023-05-27,5,149.23,16.58111111111111,11,4,Mobile App,Credit Card,585,2021-10-14,1175,0,1,232.18
CUST_001772,2024-04-15,2,1239.79,413.2633333333333,11,3,In-Store,Credit Card,261,2022-05-04,973,0,1,933.72
CUST_001773,2024-09-07,4,345.73,69.146,7,3,Mobile App,Credit Card,116,2020-12-23,1470,0,1,346.34
CUST_001774,2024-06-18,6,1701.05,170.105,17,7,Mobile App,PayPal,197,2021-08-30,1220,1,1,3069.02
CUST_001775,2024-11-04,3,1635.29,233.61285714285714,11,5,In-Store,Credit Card,58,2022-07-29,887,0,0,2053.57
CUST_001776,2024-05-25,3,182.64,45.66,7,3,In-Store,Debit Card,221,2021-01-04,1458,0,1,137.79
CUST_001777,2023-12-08,2,101.85,50.925,4,1,Website,Apple Pay,390,2020-08-14,1601,0,1,46.56
CUST_001778,2024-10-11,7,107.6,11.955555555555556,11,4,Mobile App,PayPal,82,2021-12-05,1123,0,0,247.79
CUST_001779,2024-02-10,2,351.09000000000003,87.77250000000001,5,4,In-Store,PayPal,326,2020-10-29,1525,0,1,168.58
CUST_001780,2023-11-04,2,295.90999999999997,147.95499999999998,2,2,Marketplace,Credit Card,424,2022-04-05,1002,0,1,216.09
CUST_001781,2024-04-22,2,69.77000000000001,23.25666666666667,3,2,Mobile App,Apple Pay,254,2021-01-23,1439,0,1,35.53
CUST_001782,2024-11-19,2,3309.9300000000003,661.9860000000001,12,4,Mobile App,Debit Card,43,2021-01-11,1451,0,0,1703.96
CUST_001783,2024-07-13,3,1115.42,185.90333333333334,11,5,Mobile App,Apple Pay,172,2022-08-30,855,0,1,1436.83
CUST_001784,2024-04-08,3,176.76999999999998,29.461666666666662,7,5,Mobile App,Bank Transfer,268,2020-04-27,1710,0,1,113.62
CUST_001785,2024-06-15,4,250.73,35.818571428571424,11,5,Website,Credit Card,200,2020-01-05,1823,0,1,201.81
CUST_001786,2023-07-29,2,97.28999999999999,48.644999999999996,4,1,In-Store,Credit Card,522,2021-03-19,1384,0,1,51.41
CUST_001787,2024-03-10,4,878.35,146.39166666666668,10,5,Website,Debit Card,297,2020-12-17,1476,0,1,871.75
CUST_001788,2023-05-28,3,1162.1200000000001,166.0171428571429,14,6,Website,Credit Card,584,2022-01-24,1073,0,1,1187.98
CUST_001789,2023-12-29,3,228.98000000000002,76.32666666666667,7,2,Mobile App,Credit Card,369,2021-06-16,1295,0,1,194.14
CUST_001790,2022-06-25,1,211.34,211.34,4,1,Mobile App,Debit Card,921,2021-10-25,1164,0,1,66.34
CUST_001791,2023-02-22,2,85.6,42.8,4,1,In-Store,Credit Card,679,2021-10-01,1188,0,1,52.68
CUST_001792,2022-06-04,2,29.22,14.61,3,1,Website,Apple Pay,942,2020-05-03,1704,0,1,12.53
CUST_001793,2024-12-25,3,300.15,60.029999999999994,8,2,In-Store,Apple Pay,7,2021-10-19,1170,0,0,321.04
CUST_001794,2024-05-21,5,256.32,51.263999999999996,14,4,Website,Apple Pay,225,2020-10-03,1551,0,1,302.94
CUST_001795,2023-03-03,1,24.0,24.0,1,1,Mobile App,Debit Card,670,2022-04-01,1006,0,1,8.72
CUST_001796,2022-12-21,2,191.38,95.69,3,2,Website,Debit Card,742,2021-01-28,1434,0,1,97.56
CUST_001797,2024-03-09,3,203.59,50.8975,4,3,In-Store,Debit Card,298,2021-10-25,1164,0,1,192.16
CUST_001798,2023-11-19,4,1816.0099999999998,454.00249999999994,5,3,Mobile App,PayPal,409,2020-12-25,1468,0,1,1810.53
CUST_001799,2022-04-05,2,2396.0,479.2,10,3,Mobile App,PayPal,1002,2021-09-14,1205,0,1,1452.97
CUST_001800,2022-05-12,2,226.26000000000002,113.13000000000001,4,2,In-Store,Credit Card,965,2021-04-13,1359,0,1,121.66
CUST_001801,2024-12-27,6,584.74,58.474000000000004,11,5,Website,PayPal,5,2022-09-11,843,0,0,1822.89
CUST_001802,2024-10-07,6,285.25,35.65625,14,6,Mobile App,PayPal,86,2021-09-19,1200,0,0,526.63
CUST_001803,2023-07-25,3,133.79,33.4475,7,2,Marketplace,PayPal,526,2021-11-30,1128,0,1,130.12
CUST_001804,2023-03-17,5,2470.96,308.87,12,4,Website,Credit Card,656,2020-02-26,1771,1,1,2550.18
CUST_001805,2024-08-31,2,234.23,58.5575,6,4,Mobile App,Credit Card,123,2020-09-07,1577,0,1,109.31
CUST_001806,2024-07-06,4,309.39,51.565,9,5,Website,Credit Card,179,2022-06-14,932,0,1,487.37
CUST_001807,2023-12-25,2,108.12,36.04,4,3,Mobile App,Apple Pay,373,2022-07-07,909,0,1,87.06
CUST_001808,2024-11-28,3,351.55,87.8875,5,2,Mobile App,PayPal,34,2020-05-29,1678,0,0,236.16
CUST_001809,2023-11-12,4,3308.04,551.34,9,4,Mobile App,Apple Pay,416,2021-03-27,1376,0,1,3518.42
CUST_001810,2024-11-28,2,236.12,78.70666666666666,4,2,In-Store,Debit Card,34,2020-06-10,1666,0,0,106.5
CUST_001811,2024-11-08,6,224.03,22.403,17,8,Marketplace,Debit Card,54,2020-04-29,1708,0,0,292.57
CUST_001812,2024-02-17,2,271.36,67.84,8,3,Website,Credit Card,319,2021-08-04,1246,0,1,159.48
CUST_001813,2023-04-24,2,3664.2,1832.1,3,1,In-Store,Bank Transfer,618,2022-07-12,904,0,1,2963.71
CUST_001814,2024-09-16,2,42.480000000000004,21.240000000000002,2,1,Website,Apple Pay,107,2020-12-16,1477,0,1,21.19
CUST_001815,2024-04-23,2,59.83,19.94333333333333,5,2,Website,Debit Card,253,2020-04-08,1729,0,1,25.36
CUST_001817,2024-07-21,7,1935.28,175.93454545454546,17,6,In-Store,Credit Card,164,2022-03-20,1018,1,1,4886.83
CUST_001818,2022-10-04,3,1972.32,493.08,6,3,Website,PayPal,820,2021-10-24,1165,0,1,1856.07
CUST_001819,2022-11-05,3,777.86,194.465,10,2,Website,Credit Card,788,2022-04-17,990,0,1,861.45
CUST_001820,2024-02-07,3,349.97,43.74625,12,6,Mobile App,PayPal,329,2022-09-02,852,0,1,451.15
CUST_001821,2024-12-13,5,315.14,39.3925,14,3,Website,Debit Card,19,2021-05-28,1314,0,0,460.73
CUST_001822,2023-04-08,3,96.86,24.215,9,3,Mobile App,PayPal,634,2021-10-25,1164,0,1,91.26
CUST_001824,2024-11-25,7,246.65,27.405555555555555,15,3,Mobile App,PayPal,37,2020-12-30,1463,0,0,442.39
CUST_001825,2024-12-10,4,145.61,24.268333333333334,13,4,Mobile App,Credit Card,22,2021-07-30,1251,0,0,177.66
CUST_001826,2024-06-24,5,245.82,30.7275,21,5,Website,Credit Card,191,2020-11-21,1502,0,1,300.25
CUST_001827,2024-07-04,1,92.18,46.09,3,2,Website,Credit Card,181,2021-08-03,1247,0,1,27.13
CUST_001828,2024-10-09,3,234.82999999999998,46.965999999999994,6,2,Marketplace,PayPal,84,2021-09-24,1195,0,0,217.74
CUST_001829,2023-11-22,1,14.44,14.44,1,1,In-Store,Credit Card,406,2021-09-12,1207,0,1,4.38
CUST_001830,2022-02-19,1,14.29,14.29,1,1,Website,Debit Card,1047,2022-04-07,1000,0,1,5.22
CUST_001831,2024-04-13,2,154.18,77.09,4,2,In-Store,PayPal,263,2020-09-03,1581,0,1,71.46
CUST_001832,2024-09-15,4,384.71999999999997,64.11999999999999,10,3,Website,Debit Card,108,2021-03-09,1394,0,1,406.67
CUST_001833,2024-11-19,6,1735.07,133.46692307692308,26,7,Mobile App,Debit Card,43,2020-04-02,1735,1,0,2241.02
CUST_001834,2023-09-15,3,87.69,21.9225,6,2,Website,Apple Pay,474,2020-09-24,1560,0,1,61.68
CUST_001835,2024-10-04,4,106.72,21.344,7,3,Website,Credit Card,89,2021-09-06,1213,0,0,129.89
CUST_001836,2024-10-30,3,171.03,42.7575,5,4,Mobile App,Apple Pay,63,2022-07-31,885,0,0,214.97
CUST_001837,2024-04-04,3,312.41,62.482000000000006,5,4,Website,Credit Card,272,2022-08-20,865,0,1,396.93
CUST_001838,2024-06-22,3,280.15000000000003,93.38333333333334,6,2,In-Store,Apple Pay,193,2021-09-15,1204,0,1,256.11
CUST_001839,2024-06-30,4,135.81,27.162,8,5,Mobile App,Debit Card,185,2020-11-16,1507,0,1,132.29
CUST_001840,2022-08-11,1,337.08,337.08,5,1,Mobile App,PayPal,874,2022-07-11,905,0,1,136.1
CUST_001841,2024-05-30,5,479.01,53.22333333333333,11,5,Mobile App,Debit Card,216,2022-03-26,1012,0,1,867.83
CUST_001842,2023-07-19,1,38.04,38.04,2,1,Website,Credit Card,532,2022-05-05,972,0,1,14.31
CUST_001843,2023-02-17,3,311.96,77.99,13,2,Website,Credit Card,684,2020-03-02,1766,0,1,193.71
CUST_001844,2023-03-07,1,574.51,287.255,6,2,In-Store,Credit Card,666,2020-10-26,1528,0,1,137.44
CUST_001845,2024-05-15,3,45.52,15.173333333333334,5,2,In-Store,Apple Pay,231,2021-02-06,1425,0,1,35.13
CUST_001846,2024-08-14,3,50.89,16.963333333333335,3,2,Website,Debit Card,140,2022-08-12,873,0,1,64.29
CUST_001847,2024-04-11,2,221.11,55.2775,7,3,In-Store,Debit Card,265,2021-10-09,1180,0,1,137.3
CUST_001848,2024-12-25,4,1012.1800000000001,202.436,13,3,Website,PayPal,7,2021-07-20,1261,0,0,1339.33
CUST_001849,2024-12-28,4,177.82,29.636666666666667,7,2,Mobile App,Credit Card,4,2021-09-11,1208,0,0,268.64
CUST_001850,2023-12-16,2,577.35,192.45000000000002,5,3,Website,Debit Card,382,2020-10-29,1525,0,1,277.09
CUST_001851,2024-03-16,2,267.24,89.08,3,2,In-Store,Debit Card,291,2022-02-08,1058,0,1,185.02
CUST_001852,2024-03-23,3,64.68,16.17,7,3,Website,Bank Transfer,284,2020-09-09,1575,0,1,45.13
CUST_001853,2023-11-05,2,2519.4700000000003,629.8675000000001,7,3,Website,PayPal,423,2022-01-03,1094,0,1,1685.16
CUST_001854,2024-01-14,4,209.88,41.976,10,2,In-Store,PayPal,353,2021-04-22,1350,0,1,227.62
CUST_001855,2024-08-17,3,1368.58,195.51142857142855,18,5,Mobile App,Credit Card,137,2021-01-03,1459,0,1,1034.64
CUST_001856,2024-03-23,2,192.92,64.30666666666666,3,3,Website,PayPal,284,2021-11-09,1149,0,1,123.0
CUST_001857,2024-01-18,2,112.99000000000001,37.663333333333334,3,2,Mobile App,PayPal,349,2022-07-29,887,0,1,93.26
CUST_001858,2023-04-08,4,111.91999999999999,15.988571428571428,10,4,Website,Credit Card,634,2020-06-08,1668,0,1,98.12
CUST_001859,2023-12-12,3,496.43000000000006,165.4766666666667,9,1,Mobile App,Credit Card,386,2022-08-18,867,0,1,628.6
CUST_001860,2024-12-05,3,466.26,93.252,8,4,Website,Bank Transfer,27,2020-06-14,1662,0,0,318.57
CUST_001861,2024-10-12,2,31.47,15.735,2,2,In-Store,PayPal,81,2020-07-23,1623,0,1,14.33
CUST_001862,2023-11-05,5,807.54,115.36285714285714,13,3,In-Store,Bank Transfer,423,2020-09-23,1561,0,1,946.35
CUST_001863,2024-01-26,2,82.86,27.62,4,2,In-Store,Apple Pay,341,2020-05-17,1690,0,1,35.9
CUST_001864,2023-07-19,2,1855.32,618.4399999999999,7,3,Website,Credit Card,532,2021-01-02,1460,0,1,929.4
CUST_001866,2023-10-08,2,166.38,55.46,9,3,In-Store,Debit Card,451,2022-05-07,970,0,1,125.49
CUST_001867,2024-11-09,2,412.91,206.455,3,2,Mobile App,Debit Card,53,2022-01-29,1068,0,0,287.56
CUST_001868,2024-11-02,2,43.910000000000004,21.955000000000002,3,1,In-Store,Credit Card,60,2021-07-20,1261,0,0,25.84
CUST_001869,2024-04-24,5,929.02,92.902,24,7,Website,Debit Card,252,2022-07-04,912,1,1,1866.44
CUST_001870,2024-09-02,6,2950.7,295.07,24,6,Website,Apple Pay,121,2021-12-21,1107,1,1,5885.67
CUST_001871,2023-02-17,2,95.28,23.82,4,3,Website,Debit Card,684,2020-01-17,1811,0,1,38.46
CUST_001872,2024-10-30,2,79.66999999999999,26.55666666666666,4,2,Website,Bank Transfer,63,2020-03-08,1760,0,1,33.57
CUST_001873,2023-08-23,1,511.74,255.87,3,2,Website,Debit Card,497,2020-05-12,1695,0,1,110.42
CUST_001874,2024-01-31,2,502.19,167.39666666666668,4,2,Mobile App,Credit Card,336,2021-11-30,1128,0,1,325.97
CUST_001875,2024-08-10,5,242.64999999999998,34.66428571428571,10,5,Mobile App,Credit Card,144,2022-07-07,909,0,1,490.55
CUST_001876,2024-11-17,3,473.27,94.654,6,4,Mobile App,PayPal,45,2021-03-05,1398,0,0,378.93
CUST_001877,2023-09-13,1,53.35,53.35,3,1,Website,Google Pay,476,2020-11-03,1520,0,1,12.84
CUST_001878,2024-06-06,3,116.21,23.241999999999997,6,3,Mobile App,Debit Card,209,2021-10-11,1178,0,1,108.54
CUST_001879,2024-04-09,5,1092.15,99.28636363636365,21,7,Mobile App,Debit Card,267,2020-06-22,1654,1,1,1209.58
CUST_001880,2024-11-29,1,341.66,341.66,4,1,Website,Debit Card,33,2021-02-15,1416,0,0,90.74
CUST_001881,2024-03-14,3,1406.59,468.8633333333333,8,2,In-Store,Credit Card,293,2020-04-06,1731,0,1,892.82
CUST_001882,2024-01-01,2,180.25,90.125,5,2,Mobile App,Google Pay,366,2021-11-13,1145,0,1,115.23
CUST_001883,2024-10-18,5,750.61,125.10166666666667,11,4,In-Store,Debit Card,75,2020-06-02,1674,0,0,829.23
CUST_001885,2023-08-17,2,628.48,209.49333333333334,7,2,Website,PayPal,503,2020-08-29,1586,0,1,289.85
CUST_001886,2024-12-20,2,1876.61,625.5366666666666,4,2,Website,Credit Card,12,2020-10-30,1524,0,0,973.81
CUST_001887,2024-05-31,3,145.26,48.419999999999995,5,2,Website,Debit Card,215,2020-10-11,1543,0,1,103.56
CUST_001888,2023-09-16,1,79.47,79.47,2,1,Website,Apple Pay,473,2020-01-27,1801,0,1,16.14
CUST_001889,2024-11-11,7,2324.36,258.26222222222225,18,7,Website,Debit Card,51,2021-02-05,1426,1,0,4246.27
CUST_001890,2023-12-09,2,586.01,195.33666666666667,6,3,Mobile App,Credit Card,389,2020-12-25,1468,0,1,292.16
CUST_001891,2024-01-30,2,703.65,234.54999999999998,6,3,Website,Debit Card,337,2020-02-29,1768,0,1,291.4
CUST_001892,2024-11-01,4,174.82999999999998,29.138333333333332,11,3,Website,PayPal,61,2020-07-20,1626,0,0,159.55
CUST_001893,2024-10-18,3,294.78000000000003,58.956,9,3,Mobile App,Debit Card,75,2022-01-31,1066,0,0,306.84
CUST_001894,2023-12-19,4,901.93,112.74125,20,5,In-Store,Apple Pay,379,2022-05-23,954,0,1,1383.95
CUST_001895,2024-02-19,2,323.28,161.64,5,2,Marketplace,Credit Card,317,2021-08-03,1247,0,1,189.85
CUST_001896,2024-06-22,2,19.08,9.54,2,1,Marketplace,Credit Card,193,2022-08-27,858,0,1,16.32
CUST_001897,2024-05-14,5,191.46,21.273333333333333,17,5,In-Store,Debit Card,232,2021-01-04,1458,0,1,240.69
CUST_001898,2024-10-23,2,194.51,48.6275,6,3,Website,Credit Card,70,2021-06-16,1295,0,1,111.21
CUST_001899,2023-04-04,2,330.37,165.185,2,1,Mobile App,Debit Card,638,2020-05-31,1676,0,1,144.12
CUST_001900,2024-08-07,2,1373.79,343.4475,6,3,Website,Debit Card,147,2020-04-11,1726,0,1,584.99
CUST_001902,2024-06-24,7,291.01,36.37625,11,4,Mobile App,Credit Card,191,2022-09-26,828,0,1,902.69
CUST_001903,2023-02-09,2,795.9,159.18,7,5,In-Store,Debit Card,692,2021-08-29,1221,0,1,476.53
CUST_001904,2024-08-13,6,1008.4100000000001,144.05857142857144,14,5,Mobile App,Credit Card,141,2021-03-21,1382,1,1,1609.32
CUST_001905,2024-07-05,4,486.56,54.062222222222225,13,6,Website,Debit Card,180,2022-05-22,955,0,1,747.98
CUST_001906,2024-12-26,5,751.26,83.47333333333333,18,4,Website,Bank Transfer,6,2020-08-16,1599,0,0,1000.35
CUST_001907,2023-07-26,2,201.62,100.81,2,2,Website,Credit Card,525,2020-05-04,1703,0,1,86.59
CUST_001908,2023-09-02,1,283.93,283.93,1,1,Website,Debit Card,487,2022-02-08,1058,0,1,98.15
CUST_001909,2024-06-15,4,73.82,14.764,5,4,Website,Credit Card,200,2022-04-13,994,0,1,108.97
CUST_001910,2023-01-11,1,18.95,18.95,1,1,Mobile App,Debit Card,721,2022-09-25,829,0,1,8.36
CUST_001911,2022-08-28,2,130.85,65.425,4,1,Mobile App,Credit Card,857,2022-05-30,947,0,1,100.98
CUST_001912,2024-10-16,3,120.76,30.19,8,2,Mobile App,Apple Pay,77,2022-07-26,890,0,0,150.51
CUST_001913,2024-02-14,1,207.22000000000003,103.61000000000001,5,2,Website,Credit Card,322,2020-08-23,1592,0,1,47.66
CUST_001914,2024-05-28,2,178.73,44.6825,5,4,Mobile App,Debit Card,218,2020-06-10,1666,0,1,78.67
CUST_001915,2024-11-12,4,1350.01,150.0011111111111,16,5,Marketplace,Credit Card,50,2021-07-07,1274,0,0,1578.05
CUST_001916,2022-08-09,1,441.78000000000003,220.89000000000001,4,2,Website,Apple Pay,876,2022-02-26,1040,0,1,155.22
CUST_001917,2022-10-28,3,121.78,40.593333333333334,3,2,Mobile App,PayPal,796,2020-12-18,1475,0,1,90.52
CUST_001918,2024-10-06,2,74.54,37.27,5,2,Website,Apple Pay,87,2020-03-08,1760,0,1,31.27
CUST_001919,2022-08-14,2,746.89,186.7225,11,4,Mobile App,PayPal,871,2020-06-21,1655,0,1,329.82
CUST_001920,2024-07-18,6,214.63,26.82875,18,5,Website,Credit Card,167,2022-04-22,985,0,1,480.06
CUST_001921,2023-12-27,6,406.62,45.18,13,7,Mobile App,Debit Card,371,2021-09-28,1191,0,1,749.7
CUST_001922,2024-04-01,2,523.79,104.758,9,2,Website,Apple Pay,275,2021-11-12,1146,0,1,334.87
CUST_001923,2024-03-04,2,167.84,41.96,7,4,Website,Credit Card,303,2021-07-12,1269,0,1,96.87
CUST_001924,2023-05-24,4,737.3299999999999,122.88833333333332,11,3,In-Store,Debit Card,588,2020-09-17,1567,0,1,688.15
CUST_001925,2024-11-19,3,87.95,17.59,8,4,Website,Credit Card,43,2020-08-04,1611,0,0,61.17
CUST_001926,2023-12-20,1,152.47,76.235,2,2,Mobile App,Bank Transfer,378,2022-03-27,1011,0,1,55.19
CUST_001927,2024-10-24,6,3723.87,372.387,12,5,Website,Debit Card,69,2020-05-03,1704,1,0,4855.32
CUST_001928,2024-07-06,11,501.52,33.434666666666665,22,4,Mobile App,PayPal,179,2022-03-15,1023,0,1,1979.33
CUST_001930,2023-07-15,1,45.39,45.39,1,1,In-Store,Credit Card,536,2020-07-19,1627,0,1,10.2
CUST_001931,2024-10-16,6,415.85,37.804545454545455,17,5,In-Store,Credit Card,77,2021-03-29,1374,0,0,671.43
CUST_001932,2024-10-08,2,385.17,96.2925,6,3,In-Store,Debit Card,85,2021-02-05,1426,0,1,199.5
CUST_001933,2024-07-09,1,418.37,139.45666666666668,4,3,Mobile App,PayPal,176,2021-04-06,1366,0,1,112.43
CUST_001934,2024-06-19,3,82.67,20.6675,7,3,Mobile App,Debit Card,196,2020-10-01,1553,0,1,58.59
CUST_001935,2024-07-22,1,273.09,136.545,5,2,Mobile App,Debit Card,163,2020-07-24,1622,0,1,61.83
CUST_001936,2023-10-18,3,78.53,19.6325,5,3,Website,Debit Card,441,2020-02-09,1788,0,1,48.2
CUST_001937,2024-12-03,4,666.9399999999999,111.15666666666665,7,4,Website,Credit Card,29,2020-09-29,1555,0,0,647.79
CUST_001938,2023-11-27,8,230.7,20.972727272727273,14,6,Mobile App,Credit Card,401,2021-11-30,1128,0,1,598.69
CUST_001939,2024-04-23,3,1053.3,263.325,9,2,Website,Google Pay,253,2022-05-16,961,0,1,1204.91
CUST_001940,2022-04-24,1,132.27,44.09,4,3,Mobile App,PayPal,983,2020-04-02,1735,0,1,27.85
CUST_001941,2023-11-19,5,856.0699999999999,95.11888888888888,10,4,Website,Credit Card,409,2020-02-11,1786,0,1,876.9
CUST_001942,2024-07-24,2,165.54,55.18,8,2,Mobile App,PayPal,161,2021-04-09,1363,0,1,89.21
CUST_001943,2024-12-09,2,133.76,44.586666666666666,4,2,Marketplace,Debit Card,23,2021-01-13,1449,0,0,70.32
CUST_001944,2024-03-03,1,3675.38,3675.38,4,1,Mobile App,Apple Pay,304,2020-04-16,1721,0,1,782.06
CUST_001945,2024-10-26,1,293.02,146.51,3,2,Website,Apple Pay,67,2020-11-23,1500,0,1,72.37
CUST_001946,2024-02-16,5,245.68,49.136,13,5,In-Store,Credit Card,320,2020-03-05,1763,0,1,255.11
CUST_001947,2024-08-28,4,1695.72,211.965,13,3,In-Store,Credit Card,126,2020-12-30,1463,0,1,1705.67
CUST_001948,2024-09-27,5,191.09,21.232222222222223,18,7,Website,Google Pay,96,2022-03-31,1007,0,1,349.92
CUST_001949,2024-08-04,4,1043.91,149.13000000000002,12,3,Website,Debit Card,150,2021-04-28,1344,0,1,1141.57
CUST_001950,2022-11-19,4,200.47,28.638571428571428,8,4,Website,Credit Card,774,2021-10-08,1181,0,1,248.15
CUST_001951,2024-06-16,5,1195.9,199.3166666666667,10,5,Mobile App,Apple Pay,199,2022-06-19,927,1,1,2366.22
CUST_001952,2024-06-05,3,317.04999999999995,63.40999999999999,14,3,Website,Bank Transfer,210,2020-01-24,1804,0,1,193.36
CUST_001953,2024-10-24,3,670.2900000000001,95.75571428571429,13,6,Mobile App,Credit Card,69,2021-06-23,1288,0,0,578.11
CUST_001954,2024-01-02,5,936.45,133.77857142857144,16,4,Website,Debit Card,365,2020-03-02,1766,1,1,970.39
CUST_001955,2024-11-04,5,569.73,71.21625,12,6,Website,PayPal,58,2021-05-05,1337,0,0,791.09
CUST_001956,2023-06-04,3,119.46,23.892,8,4,Mobile App,Google Pay,577,2020-09-29,1555,0,1,84.27
CUST_001957,2024-01-08,3,697.78,139.55599999999998,10,3,Website,Credit Card,359,2020-08-16,1599,0,1,479.17
CUST_001958,2024-06-21,3,119.18,29.795,6,3,Website,Credit Card,194,2020-01-20,1808,0,1,72.55
CUST_001959,2024-04-09,4,178.23,25.46142857142857,11,4,Mobile App,PayPal,267,2020-01-03,1825,0,1,143.12
CUST_001960,2022-09-01,2,398.29,66.38166666666667,9,5,In-Store,Apple Pay,853,2021-02-24,1407,0,1,206.89
CUST_001961,2024-08-04,6,8392.35,699.3625000000001,24,6,Mobile App,Credit Card,150,2021-12-30,1098,1,1,6907.84
CUST_001962,2023-02-09,1,62.08,31.04,4,2,Website,Credit Card,692,2022-06-29,917,0,1,24.75
CUST_001963,2023-10-24,1,251.92,251.92,2,1,Mobile App,PayPal,435,2020-11-02,1521,0,1,60.59
CUST_001964,2024-07-23,2,183.66,36.732,6,4,Website,Debit Card,162,2021-03-07,1396,0,1,96.63
CUST_001965,2024-06-16,8,2309.26,192.43833333333336,29,8,Website,Google Pay,199,2020-05-15,1692,1,1,4005.27
CUST_001966,2024-08-13,3,350.44,70.088,7,3,In-Store,Bank Transfer,141,2022-06-27,919,0,1,420.52
CUST_001967,2024-08-23,2,312.07,104.02333333333333,7,2,Website,Debit Card,131,2022-08-01,884,0,1,259.67
CUST_001968,2022-06-16,1,394.3,394.3,1,1,Website,Bank Transfer,930,2021-05-29,1313,0,1,109.73
CUST_001969,2024-05-18,3,142.99,23.831666666666667,7,3,Marketplace,Credit Card,228,2020-07-11,1635,0,1,96.18
CUST_001970,2024-10-27,3,779.14,194.785,13,3,In-Store,Debit Card,66,2021-08-07,1243,0,0,696.77
CUST_001971,2023-03-16,1,123.47,61.735,2,2,In-Store,PayPal,657,2021-02-18,1413,0,1,31.94
CUST_001972,2023-02-26,4,291.23,58.246,6,2,Mobile App,Bank Transfer,675,2022-05-22,955,0,1,445.89
CUST_001974,2024-01-23,3,245.01,49.001999999999995,7,4,Website,Debit Card,344,2021-10-27,1162,0,1,231.55
CUST_001975,2024-03-28,1,19.0,9.5,4,1,Website,Apple Pay,279,2020-07-27,1619,0,1,4.3
CUST_001976,2024-11-25,4,1939.2900000000002,215.4766666666667,12,5,In-Store,PayPal,37,2022-08-09,876,0,0,3319.51
CUST_001977,2024-11-28,5,789.6500000000001,131.60833333333335,11,3,Website,PayPal,34,2020-02-03,1794,0,0,826.92
CUST_001978,2024-05-24,4,42.5,10.625,7,4,Website,Apple Pay,222,2021-10-10,1179,0,1,52.87
CUST_001979,2023-05-26,1,52.260000000000005,26.130000000000003,2,2,Website,Credit Card,586,2020-11-13,1510,0,1,12.65
CUST_001981,2023-12-19,4,161.97,32.394,11,4,Website,Credit Card,379,2021-09-18,1201,0,1,197.42
CUST_001982,2023-10-29,2,83.03,20.7575,4,4,Mobile App,Credit Card,430,2021-06-08,1303,0,1,46.63
CUST_001983,2023-09-22,2,87.99,29.33,4,2,Marketplace,Credit Card,467,2021-08-03,1247,0,1,51.62
CUST_001984,2024-02-08,3,577.44,144.36,9,2,Website,Debit Card,328,2022-07-25,891,0,1,711.81
CUST_001985,2023-06-12,3,318.04,63.608000000000004,13,4,Website,Credit Card,569,2022-04-24,983,0,1,354.9
CUST_001986,2024-08-21,6,305.5,38.1875,12,6,Mobile App,PayPal,133,2022-02-07,1059,0,1,636.52
CUST_001987,2023-06-26,1,513.5899999999999,171.19666666666663,6,2,Marketplace,Apple Pay,555,2020-03-29,1739,0,1,107.99
CUST_001988,2024-05-18,5,93.6,13.37142857142857,10,4,Website,Credit Card,228,2021-05-26,1316,0,1,130.37
CUST_001989,2024-11-04,7,1566.92,142.44727272727275,19,6,Mobile App,Debit Card,58,2020-02-16,1781,1,0,2286.64
CUST_001990,2022-06-12,1,277.52,92.50666666666666,3,2,Mobile App,Debit Card,934,2022-02-10,1056,0,1,96.03
CUST_001991,2024-10-11,4,527.37,75.33857142857143,14,6,Website,Debit Card,82,2022-01-09,1088,0,0,716.31
CUST_001992,2023-08-08,3,684.4499999999999,114.07499999999999,9,5,In-Store,Bank Transfer,512,2022-08-16,869,0,1,864.14
CUST_001993,2023-05-21,2,158.05,79.025,2,1,Mobile App,Credit Card,591,2021-11-22,1136,0,1,101.74
CUST_001994,2024-07-02,6,601.47,66.83,18,8,Website,Debit Card,183,2021-06-05,1306,0,1,1014.1
CUST_001995,2023-09-19,5,1206.16,172.30857142857144,15,4,Website,Credit Card,470,2020-10-10,1544,1,1,1428.71
CUST_001996,2023-04-11,1,162.82999999999998,81.41499999999999,3,2,Mobile App,PayPal,631,2021-01-11,1451,0,1,41.02
CUST_001997,2024-03-12,2,915.3,457.65,2,1,Mobile App,Credit Card,295,2021-09-29,1190,0,1,563.39
CUST_001998,2024-04-07,3,495.91999999999996,123.97999999999999,6,2,Website,Credit Card,269,2020-05-13,1694,0,1,321.75
CUST_001999,2023-10-10,5,2787.87,557.574,10,2,Website,PayPal,449,2021-10-28,1161,1,1,4392.07
CUST_002000,2023-10-22,4,308.22,61.644000000000005,6,3,In-Store,Credit Card,437,2020-09-04,1580,0,1,285.46
CUST_002001,2023-06-07,7,719.55,65.41363636363636,17,4,Mobile App,PayPal,574,2021-10-13,1176,0,1,1566.03
CUST_002002,2024-05-26,4,482.9,68.98571428571428,10,3,Mobile App,Bank Transfer,220,2020-11-13,1510,0,1,469.03
CUST_002003,2024-05-23,2,61.46,15.365,8,3,Website,PayPal,223,2021-03-11,1392,0,1,32.38
CUST_002004,2023-07-04,2,62.730000000000004,31.365000000000002,3,2,Mobile App,Credit Card,547,2020-06-24,1652,0,1,27.77
CUST_002005,2023-04-25,3,161.87,40.4675,5,2,Marketplace,Credit Card,617,2022-04-14,993,0,1,178.79
CUST_002006,2022-03-27,1,207.69,207.69,4,1,Mobile App,Bank Transfer,1011,2021-11-16,1142,0,1,66.45
CUST_002007,2024-12-08,5,982.64,98.264,20,6,Website,PayPal,24,2022-09-19,835,1,0,2237.17
CUST_002008,2023-09-06,1,121.32,121.32,3,1,Website,Debit Card,483,2021-08-08,1242,0,1,35.73
CUST_002009,2024-07-20,3,170.03,42.5075,7,3,Mobile App,Debit Card,165,2020-12-16,1477,0,1,126.82
CUST_002010,2022-07-02,1,33.84,33.84,1,1,Website,PayPal,914,2020-05-22,1685,0,1,7.34
CUST_002011,2024-09-22,1,32.76,32.76,1,1,Mobile App,PayPal,101,2022-08-24,861,0,1,14.03
CUST_002013,2023-10-29,5,3272.42,409.0525,15,5,Website,Debit Card,430,2021-02-01,1430,1,1,4186.05
CUST_002015,2024-10-25,5,888.32,88.83200000000001,16,5,In-Store,Credit Card,68,2021-12-18,1110,0,0,1482.0
CUST_002016,2024-01-27,4,282.62,47.10333333333333,7,4,Website,Credit Card,340,2021-10-04,1185,0,1,349.23
CUST_002017,2024-04-16,1,424.79,424.79,1,1,Marketplace,Apple Pay,260,2021-01-03,1459,0,1,106.68
CUST_002018,2024-01-12,3,291.26,58.251999999999995,7,3,Website,Google Pay,355,2021-05-15,1327,0,1,241.02
CUST_002019,2023-04-16,2,1434.5,478.1666666666667,4,2,Website,Debit Card,626,2021-09-13,1206,0,1,869.7
CUST_002020,2024-07-04,4,356.15,71.22999999999999,9,3,Mobile App,Apple Pay,181,2021-01-04,1458,0,1,358.61
CUST_002021,2023-06-13,2,708.89,236.29666666666665,6,2,Website,Debit Card,568,2021-08-01,1249,0,1,415.05
CUST_002022,2024-03-07,4,246.81,49.362,8,2,Website,Credit Card,300,2021-01-16,1446,0,1,250.03
CUST_002024,2024-08-22,1,74.13,37.065,2,2,Mobile App,PayPal,132,2022-02-25,1041,0,1,26.19
CUST_002025,2023-07-08,4,783.5500000000001,130.59166666666667,10,3,Mobile App,Credit Card,543,2022-01-08,1089,0,1,1052.42
CUST_002026,2023-08-08,4,570.8,81.54285714285713,13,4,Website,Credit Card,512,2021-04-04,1368,0,1,610.38
CUST_002027,2024-08-11,3,276.39,69.0975,10,3,Mobile App,Credit Card,143,2022-08-07,878,0,1,347.11
CUST_002028,2024-12-11,6,2201.38,244.5977777777778,11,5,In-Store,Debit Card,21,2020-11-20,1503,1,0,3360.34
CUST_002029,2024-07-25,3,188.47000000000003,62.823333333333345,4,3,Mobile App,Debit Card,160,2021-06-05,1306,0,1,159.01
CUST_002030,2023-04-18,2,52.37,17.456666666666667,3,3,Mobile App,Credit Card,624,2021-05-03,1339,0,1,28.6
CUST_002031,2024-11-25,2,697.0699999999999,174.26749999999998,10,3,Website,Debit Card,37,2022-07-17,899,0,0,581.33
CUST_002032,2024-04-20,4,1294.18,184.88285714285715,14,4,Website,Credit Card,256,2021-01-31,1431,0,1,1325.57
CUST_002033,2023-05-28,2,1310.18,436.7266666666667,6,2,Website,Credit Card,584,2022-06-14,932,0,1,1027.97
CUST_002034,2024-04-10,4,115.03,19.171666666666667,8,4,Website,PayPal,266,2020-12-20,1473,0,1,114.44
CUST_002035,2024-08-09,2,2879.68,719.92,10,2,In-Store,Debit Card,145,2022-08-04,881,0,1,2402.57
CUST_002036,2023-09-08,2,463.15999999999997,231.57999999999998,3,1,Website,Credit Card,481,2020-10-14,1540,0,1,220.01
CUST_002037,2023-05-24,2,880.32,220.08,4,3,In-Store,Credit Card,588,2021-04-03,1369,0,1,470.22
CUST_002039,2024-12-07,3,187.64,62.54666666666666,5,2,Website,Apple Pay,25,2022-09-24,830,0,0,257.45
CUST_002040,2024-12-13,2,75.01,25.003333333333334,6,2,Website,Credit Card,19,2021-06-19,1292,0,0,44.61
CUST_002041,2024-08-27,4,585.67,73.20875,17,4,Website,Apple Pay,127,2020-10-17,1537,0,1,560.71
CUST_002042,2022-01-03,1,104.36,52.18,5,2,Mobile App,Credit Card,1094,2022-04-30,977,0,1,39.02
CUST_002043,2024-10-21,3,451.8,75.3,8,4,Website,Credit Card,72,2022-04-17,990,0,0,506.66
CUST_002044,2023-03-31,1,53.0,53.0,1,1,Marketplace,Credit Card,642,2020-06-16,1660,0,1,11.67
CUST_002045,2024-06-13,2,111.33,27.8325,8,3,Website,Credit Card,202,2022-08-07,878,0,1,93.02
CUST_002047,2024-10-31,5,1397.16,199.59428571428572,14,6,Website,Apple Pay,62,2021-03-03,1400,1,0,1850.67
CUST_002048,2024-06-20,3,631.79,90.25571428571428,13,4,In-Store,PayPal,195,2021-12-02,1126,0,1,617.55
CUST_002049,2024-10-30,2,239.82,59.955,5,3,Website,PayPal,63,2021-05-04,1338,0,1,132.92
CUST_002050,2024-04-02,3,424.51,84.902,11,4,Mobile App,Debit Card,274,2020-12-20,1473,0,1,316.72
CUST_002051,2024-05-03,2,111.89,55.945,2,1,Mobile App,Credit Card,243,2020-07-14,1632,0,1,50.25
CUST_002052,2024-05-10,4,1135.29,189.215,9,4,In-Store,PayPal,236,2021-06-28,1283,0,1,1297.39
CUST_002053,2024-12-06,5,504.85,50.485,14,6,Website,Credit Card,26,2021-12-17,1111,0,0,861.2
CUST_002054,2024-03-10,2,180.2,90.1,4,2,Website,Debit Card,297,2022-04-03,1004,0,1,131.46
CUST_002056,2024-04-24,2,325.57,81.3925,9,4,Website,PayPal,252,2021-11-24,1134,0,1,210.41
CUST_002057,2024-04-24,1,29.96,29.96,1,1,Website,Debit Card,252,2021-10-20,1169,0,1,9.39
CUST_002058,2024-05-17,6,3035.31,252.9425,17,6,Mobile App,Credit Card,229,2022-07-27,889,1,1,6907.84
CUST_002059,2022-02-27,1,92.53,46.265,6,2,Website,Credit Card,1039,2022-02-18,1048,0,1,32.26
CUST_002060,2024-10-26,2,59.25,19.75,3,3,In-Store,Credit Card,67,2020-01-11,1817,0,1,24.16
CUST_002061,2023-12-02,3,248.77999999999997,62.19499999999999,8,2,Marketplace,Debit Card,396,2021-08-04,1246,0,1,219.18
CUST_002062,2024-10-23,6,665.99,66.599,17,7,Mobile App,Google Pay,70,2020-09-12,1572,0,0,941.06
CUST_002063,2024-09-13,1,628.77,628.77,4,1,Website,Credit Card,110,2021-01-30,1432,0,1,161.72
CUST_002064,2024-06-19,2,75.41,37.705,3,1,Website,Credit Card,196,2021-12-31,1097,0,1,50.44
CUST_002065,2024-07-21,3,322.45,80.6125,9,2,Website,Apple Pay,164,2022-03-19,1019,0,1,348.61
CUST_002066,2024-07-10,3,551.45,137.8625,4,2,Website,Debit Card,175,2021-02-12,1419,0,1,427.97
CUST_002067,2024-03-09,1,168.64,84.32,2,2,Website,Google Pay,298,2020-12-27,1466,0,1,42.13
CUST_002069,2023-10-18,4,738.5,147.7,9,2,Website,Credit Card,441,2020-01-03,1825,0,1,592.14
CUST_002070,2023-05-04,1,623.49,207.83,7,3,In-Store,Credit Card,608,2020-03-24,1744,0,1,130.7
CUST_002071,2024-06-26,3,481.65000000000003,96.33000000000001,7,4,Website,Debit Card,189,2020-06-04,1672,0,1,317.1
CUST_002072,2024-12-30,3,467.06,77.84333333333333,7,4,Mobile App,Debit Card,2,2021-10-24,1165,0,0,658.49
CUST_002073,2024-09-10,6,1662.67,166.267,17,4,Website,Credit Card,113,2020-06-24,1652,1,1,2223.65
CUST_002075,2023-03-24,3,5214.1900000000005,1042.8380000000002,11,4,Mobile App,Debit Card,649,2022-07-26,890,0,1,6425.1
CUST_002076,2024-12-19,3,442.78,63.25428571428571,12,5,Mobile App,PayPal,13,2021-04-16,1356,0,0,385.06
CUST_002077,2024-08-22,2,98.92,32.973333333333336,4,2,Website,Bank Transfer,132,2021-09-10,1209,0,1,60.18
CUST_002078,2024-07-30,2,975.14,243.785,11,4,Mobile App,Credit Card,155,2021-02-27,1404,0,1,510.29
CUST_002079,2024-10-13,1,591.31,295.655,5,2,Website,Apple Pay,80,2020-05-13,1694,0,1,129.0
CUST_002080,2024-12-16,4,116.50999999999999,23.302,6,2,Website,Debit Card,16,2022-02-26,1040,0,0,173.78
CUST_002081,2024-03-22,2,587.69,146.9225,9,3,In-Store,Debit Card,285,2022-06-25,921,0,1,467.45
CUST_002082,2024-07-11,2,46.67999999999999,23.339999999999996,4,1,In-Store,Credit Card,174,2022-05-13,964,0,1,35.55
CUST_002083,2024-10-08,6,1017.3399999999999,113.03777777777776,24,4,In-Store,Apple Pay,85,2021-01-14,1448,1,0,1556.76
CUST_002084,2024-05-12,6,1395.4099999999999,155.04555555555555,17,4,In-Store,Bank Transfer,234,2021-10-28,1161,1,1,2643.42
CUST_002085,2024-02-11,4,123.5,30.875,6,2,In-Store,Credit Card,325,2020-10-03,1551,0,1,116.61
CUST_002086,2024-03-12,3,1828.8,228.6,10,6,Mobile App,Credit Card,295,2020-08-23,1592,0,1,1262.14
CUST_002087,2023-10-21,3,1852.43,617.4766666666667,4,3,Website,Credit Card,438,2022-01-21,1076,0,1,1889.44
CUST_002088,2024-03-06,4,1170.6,195.1,10,4,Website,PayPal,301,2022-05-31,946,0,1,1812.64
CUST_002090,2023-03-18,1,209.59,209.59,3,1,Website,Debit Card,655,2020-12-07,1486,0,1,51.56
CUST_002091,2022-10-24,2,62.13,31.065,4,2,In-Store,Apple Pay,800,2020-02-04,1793,0,1,25.33
CUST_002092,2024-11-26,5,3057.28,339.6977777777778,21,5,In-Store,PayPal,36,2021-07-12,1269,1,0,4518.93
CUST_002093,2024-07-29,4,428.65,107.1625,5,4,Mobile App,Debit Card,156,2020-08-01,1614,0,1,390.24
CUST_002094,2023-04-13,2,113.89,28.4725,9,4,Website,PayPal,629,2021-02-15,1416,0,1,58.81
CUST_002095,2024-08-11,5,430.78000000000003,43.078,22,6,Mobile App,Credit Card,143,2021-02-08,1423,0,1,556.34
CUST_002096,2023-07-05,2,76.3,25.433333333333334,4,3,Website,Credit Card,546,2021-05-08,1334,0,1,41.83
CUST_002097,2024-01-01,2,596.93,149.2325,6,4,Website,Apple Pay,366,2021-10-19,1170,0,1,373.46
CUST_002098,2022-07-20,1,37.48,37.48,1,1,In-Store,PayPal,896,2020-06-07,1669,0,1,8.21
CUST_002099,2024-12-06,1,9.96,9.96,1,1,Website,PayPal,26,2022-08-13,872,0,0,4.33
CUST_002100,2023-09-29,2,664.12,221.37333333333333,6,2,In-Store,Credit Card,460,2021-09-28,1191,0,1,407.94
CUST_002101,2024-07-23,6,1260.42,114.58363636363637,22,6,Website,Credit Card,162,2020-04-19,1718,1,1,1616.62
CUST_002102,2024-08-29,5,2058.17,294.0242857142857,11,4,Mobile App,Credit Card,125,2021-07-02,1279,1,1,2960.29
CUST_002103,2023-12-17,4,167.04,33.408,7,2,In-Store,Credit Card,381,2022-02-27,1039,0,1,235.34
CUST_002104,2024-11-08,4,1881.87,376.37399999999997,8,3,Website,Credit Card,54,2021-06-09,1302,0,0,2149.32
CUST_002105,2024-11-18,4,216.89000000000001,30.984285714285715,9,5,Mobile App,Credit Card,44,2022-09-11,843,0,0,384.17
CUST_002106,2024-09-25,4,670.99,83.87375,20,6,Mobile App,Apple Pay,98,2020-12-12,1481,0,1,668.23
CUST_002107,2022-06-06,1,42.61,21.305,4,2,In-Store,Debit Card,940,2022-01-13,1084,0,1,14.36
CUST_002108,2023-08-07,2,93.19,31.063333333333333,5,3,Website,PayPal,513,2022-04-07,1000,0,1,68.16
CUST_002109,2024-10-02,4,2138.6600000000003,427.7320000000001,9,3,Mobile App,Debit Card,91,2021-09-27,1192,0,1,2648.29
CUST_002111,2023-10-10,1,247.93,247.93,1,1,Website,Bank Transfer,449,2021-04-23,1349,0,1,67.23
CUST_002112,2023-11-11,3,126.49000000000001,42.163333333333334,6,2,Mobile App,PayPal,417,2020-04-20,1717,0,1,80.86
CUST_002113,2024-04-26,3,1599.49,266.58166666666665,11,5,In-Store,Credit Card,250,2021-09-27,1192,0,1,1475.21
CUST_002114,2023-01-23,1,10.0,10.0,2,1,Website,Credit Card,709,2022-07-13,903,0,1,4.05
CUST_002115,2023-12-24,5,1704.05,284.0083333333333,7,3,Mobile App,Debit Card,374,2021-03-06,1397,1,1,2232.07
CUST_002116,2022-04-30,1,67.18,33.59,3,2,Website,Credit Card,977,2021-06-25,1286,0,1,19.09
CUST_002117,2024-09-18,1,147.39,73.695,2,2,In-Store,PayPal,105,2020-04-24,1713,0,1,31.7
CUST_002118,2023-12-04,4,437.21000000000004,87.44200000000001,9,3,Website,Debit Card,394,2020-03-30,1738,0,1,368.21
CUST_002119,2024-11-02,3,130.99,21.831666666666667,9,3,Mobile App,Apple Pay,60,2020-07-30,1616,0,0,90.24
CUST_002120,2023-09-25,4,160.34,22.905714285714286,15,3,Website,Credit Card,464,2021-07-03,1278,0,1,183.57
CUST_002122,2023-08-28,1,33.61,33.61,1,1,Website,PayPal,492,2021-06-22,1289,0,1,9.54
CUST_002123,2024-05-14,5,337.18,48.16857142857143,11,5,Website,Credit Card,232,2021-12-29,1099,0,1,562.33
CUST_002124,2022-09-22,1,49.03,24.515,2,2,Mobile App,Debit Card,832,2020-12-25,1468,0,1,12.21
CUST_002125,2023-06-15,3,356.99,118.99666666666667,8,2,Website,Apple Pay,566,2021-04-30,1342,0,1,291.8
CUST_002126,2024-06-15,3,462.19,154.06333333333333,4,2,Mobile App,PayPal,200,2021-01-06,1456,0,1,349.33
CUST_002127,2022-08-25,3,175.08,35.016000000000005,14,4,In-Store,Apple Pay,860,2020-08-02,1613,0,1,118.99
CUST_002128,2024-06-30,4,380.16,63.36000000000001,6,5,Website,PayPal,185,2022-01-02,1095,0,1,509.62
CUST_002130,2023-12-15,5,243.76999999999998,34.824285714285715,12,5,Website,Debit Card,383,2022-08-12,873,0,1,510.93
CUST_002131,2024-08-07,6,473.27,47.327,18,5,Mobile App,Debit Card,147,2020-09-15,1569,0,1,665.08
CUST_002132,2022-10-28,2,231.47,115.735,3,2,Mobile App,Google Pay,796,2022-02-16,1050,0,1,161.13
CUST_002134,2022-03-12,1,532.04,177.34666666666666,6,3,Website,Credit Card,1026,2020-04-29,1708,0,1,113.81
CUST_002135,2024-10-30,5,171.52,17.152,13,3,Website,Debit Card,63,2022-09-02,852,0,0,373.23
CUST_002136,2024-07-18,4,438.73,73.12166666666667,8,3,In-Store,Apple Pay,167,2022-07-01,915,0,1,704.24
CUST_002137,2024-07-24,2,35.89,17.945,2,2,Mobile App,Credit Card,161,2020-05-07,1700,0,1,15.51
CUST_002138,2022-06-19,1,16.19,16.19,1,1,Website,Debit Card,927,2021-12-23,1105,0,1,5.35
CUST_002139,2024-11-02,4,78.15,11.164285714285715,10,6,Website,Credit Card,60,2021-06-06,1305,0,0,88.89
CUST_002140,2023-08-13,5,784.62,130.77,10,4,Website,Apple Pay,507,2021-11-18,1140,0,1,1258.56
CUST_002142,2023-06-22,1,56.6,56.6,3,1,Website,Debit Card,559,2020-11-20,1503,0,1,13.77
CUST_002143,2023-11-25,4,2446.82,305.8525,9,4,Mobile App,Apple Pay,403,2020-11-15,1508,0,1,2374.82
CUST_002144,2023-02-02,1,42.66,42.66,2,1,Website,Apple Pay,699,2021-05-20,1322,0,1,11.8
CUST_002145,2024-01-22,3,199.63,28.518571428571427,12,7,Website,Credit Card,345,2021-06-09,1302,0,1,168.38
CUST_002146,2024-11-25,4,327.31,40.91375,11,4,In-Store,Debit Card,37,2020-02-19,1778,0,0,276.03
CUST_002147,2024-04-08,2,9.0,4.5,2,1,Mobile App,PayPal,268,2022-07-10,906,0,1,7.28
CUST_002148,2024-08-23,1,33.49,11.163333333333334,5,2,Mobile App,Debit Card,131,2021-08-06,1244,0,1,9.9
CUST_002149,2022-04-24,3,3556.9,711.38,9,3,Marketplace,Debit Card,983,2020-03-09,1759,0,1,2216.47
CUST_002150,2024-09-15,2,55.67,11.134,6,4,Mobile App,Debit Card,108,2021-01-25,1437,0,1,28.54
CUST_002151,2024-04-09,3,439.93,87.986,6,4,Website,Credit Card,267,2021-01-17,1445,0,1,334.62
CUST_002152,2024-04-12,4,832.74,104.0925,14,5,Website,PayPal,264,2020-01-16,1812,0,1,673.51
CUST_002153,2023-12-19,2,188.35,62.78333333333333,3,3,Website,Debit Card,379,2021-03-14,1389,0,1,99.25
CUST_002154,2022-09-25,1,34.42,17.21,2,2,Website,Credit Card,829,2022-04-25,982,0,1,12.81
CUST_002155,2024-11-02,4,171.73,24.532857142857143,8,4,Mobile App,Credit Card,60,2022-05-18,959,0,0,265.8
CUST_002156,2023-02-01,1,345.0,172.5,6,2,Website,Credit Card,700,2021-07-21,1260,0,1,100.08
CUST_002157,2024-11-27,4,668.72,133.744,7,4,In-Store,Credit Card,35,2021-09-08,1211,0,0,829.25
CUST_002158,2024-08-29,4,252.39000000000001,50.478,10,2,Website,Credit Card,125,2020-05-11,1696,0,1,219.01
CUST_002159,2024-04-06,3,235.20000000000002,47.040000000000006,12,4,Website,Debit Card,270,2022-09-22,832,0,1,310.69
CUST_002160,2023-01-21,3,826.5,206.625,8,2,Mobile App,Debit Card,711,2021-07-13,1268,0,1,714.74
CUST_002161,2024-05-14,3,558.02,93.00333333333333,12,3,Website,Credit Card,232,2020-09-04,1580,0,1,388.4
CUST_002162,2024-12-02,3,1289.2,214.86666666666667,10,3,Mobile App,Debit Card,30,2020-09-29,1555,0,0,938.09
CUST_002163,2024-08-07,5,2117.02,264.6275,19,4,Mobile App,Credit Card,147,2021-09-14,1205,1,1,3228.09
CUST_002164,2024-11-29,2,116.37,38.79,5,3,In-Store,Apple Pay,33,2022-07-20,896,0,0,97.68
CUST_002165,2024-05-09,1,52.22,52.22,1,1,Website,PayPal,237,2022-04-17,990,0,1,19.33
CUST_002166,2023-04-26,4,98.47,24.6175,5,2,Mobile App,Debit Card,616,2022-04-27,980,0,1,146.94
CUST_002167,2022-12-26,2,181.03,45.2575,7,3,Website,PayPal,737,2020-12-14,1479,0,1,89.47
CUST_002168,2024-03-22,6,1589.52,198.69,13,5,Mobile App,Debit Card,285,2021-04-28,1344,1,1,2599.15
CUST_002169,2023-12-17,3,630.0,105.0,11,4,In-Store,Apple Pay,381,2021-07-03,1278,0,1,541.21
CUST_002170,2023-10-11,2,67.75,33.875,3,1,Mobile App,Credit Card,448,2020-12-22,1471,0,1,33.7
CUST_002171,2023-12-19,5,2021.48,288.78285714285715,7,5,Mobile App,PayPal,379,2022-01-21,1076,1,1,3437.67
CUST_002172,2024-09-16,4,175.78,29.296666666666667,11,3,Mobile App,Apple Pay,107,2020-11-13,1510,0,1,171.55
CUST_002173,2023-01-18,2,144.39,48.129999999999995,4,2,Website,Credit Card,714,2021-09-24,1195,0,1,88.33
CUST_002174,2024-12-01,3,221.44,55.36,6,3,Website,Credit Card,31,2020-02-17,1780,0,0,140.62
CUST_002175,2023-08-16,2,50.89,16.963333333333335,5,2,Mobile App,PayPal,504,2020-01-10,1818,0,1,20.47
CUST_002176,2024-07-27,5,747.29,67.93545454545455,16,6,Website,Debit Card,158,2020-08-20,1595,0,1,860.46
CUST_002177,2024-10-12,2,261.47,87.15666666666668,5,3,Website,Bank Transfer,81,2020-02-05,1792,0,1,107.83
CUST_002178,2024-08-13,3,101.4,20.28,10,3,Mobile App,PayPal,141,2021-02-16,1415,0,1,79.03
CUST_002179,2024-05-29,4,811.64,101.455,13,6,Mobile App,Credit Card,217,2021-04-06,1366,0,1,871.49
CUST_002180,2022-05-21,1,354.92,354.92,3,1,Mobile App,Debit Card,956,2020-01-04,1824,0,1,71.1
CUST_002181,2023-11-25,3,1382.47,230.41166666666666,9,4,In-Store,Apple Pay,403,2020-02-13,1784,0,1,850.65
CUST_002182,2024-09-27,4,555.4599999999999,69.43249999999999,18,6,Website,Credit Card,96,2021-07-21,1260,0,1,650.33
CUST_002183,2024-03-30,3,1439.12,479.70666666666665,7,2,Website,Credit Card,277,2021-07-07,1274,0,1,1241.39
CUST_002184,2024-01-31,3,643.35,107.22500000000001,17,6,Mobile App,Apple Pay,336,2020-09-11,1573,0,1,449.18
CUST_002185,2024-12-22,4,1590.8000000000002,318.16,10,2,Website,Credit Card,10,2022-01-09,1088,0,0,2348.18
CUST_002186,2024-02-14,2,118.25999999999999,59.129999999999995,5,1,Website,Credit Card,322,2020-04-23,1714,0,1,50.52
CUST_002187,2023-12-28,3,454.0,90.8,6,3,Mobile App,Debit Card,370,2022-01-18,1079,0,1,461.98
CUST_002188,2024-10-31,5,1968.77,218.75222222222223,17,6,Mobile App,Debit Card,62,2021-01-31,1431,1,0,2551.33
CUST_002189,2024-11-20,4,679.58,135.916,7,2,In-Store,Debit Card,42,2020-06-22,1654,0,0,614.15
CUST_002190,2024-10-10,5,317.96000000000004,39.745000000000005,19,5,Mobile App,PayPal,83,2020-09-11,1573,0,0,373.34
CUST_002191,2024-01-14,5,1527.24,218.17714285714285,15,4,Mobile App,Credit Card,353,2021-04-10,1362,1,1,2052.21
CUST_002192,2024-10-24,4,199.6,28.514285714285712,12,5,Mobile App,Credit Card,69,2022-07-17,899,0,0,328.85
CUST_002193,2024-04-15,5,301.2,37.65,12,5,Mobile App,Credit Card,261,2020-10-03,1551,0,1,355.77
CUST_002194,2024-07-21,5,1112.12,139.015,12,4,Mobile App,Credit Card,164,2021-04-08,1364,1,1,1497.06
CUST_002195,2023-05-11,3,114.16,38.053333333333335,5,2,In-Store,Bank Transfer,601,2022-04-26,981,0,1,127.64
CUST_002196,2023-11-01,2,3252.46,1626.23,5,1,Mobile App,Credit Card,427,2021-05-16,1326,0,1,1794.76
CUST_002197,2024-06-12,2,406.23,101.5575,8,4,Mobile App,Credit Card,203,2021-03-16,1387,0,1,214.86
CUST_002198,2024-01-30,4,267.31,29.70111111111111,16,6,Mobile App,Credit Card,337,2020-03-09,1759,0,1,222.53
CUST_002199,2023-05-31,4,2080.31,520.0775,8,2,Mobile App,PayPal,581,2021-05-23,1319,0,1,2306.66
CUST_002200,2024-07-19,5,279.58,34.9475,19,4,Mobile App,Debit Card,166,2020-11-21,1502,0,1,341.75
CUST_002202,2024-10-28,1,25.36,25.36,2,1,Mobile App,Credit Card,65,2020-03-07,1761,0,1,5.34
CUST_002203,2022-10-05,3,218.21,72.73666666666666,3,3,Mobile App,PayPal,819,2020-10-30,1524,0,1,156.98
CUST_002204,2024-09-19,2,142.98000000000002,47.660000000000004,6,2,Mobile App,Bank Transfer,104,2022-08-29,856,0,1,123.11
CUST_002205,2024-12-27,3,425.8,85.16,7,4,Marketplace,Debit Card,5,2021-04-28,1344,0,0,416.3
CUST_002206,2024-12-19,7,756.14,94.5175,16,4,Website,PayPal,13,2022-07-17,899,0,0,2314.29
CUST_002207,2024-05-12,6,967.96,161.32666666666668,6,3,Mobile App,Debit Card,234,2021-07-01,1280,1,1,1663.2
CUST_002208,2024-11-12,4,1098.02,183.00333333333333,10,3,Mobile App,PayPal,50,2021-02-20,1411,0,0,1158.87
CUST_002209,2023-05-21,1,90.07,90.07,3,1,In-Store,Credit Card,591,2020-06-07,1669,0,1,19.73
CUST_002210,2024-10-01,5,721.16,72.116,16,6,Mobile App,Apple Pay,92,2020-05-28,1679,0,1,792.39
CUST_002211,2024-01-03,6,894.89,127.84142857142857,13,4,Website,Credit Card,364,2020-01-27,1801,0,1,1091.17
CUST_002212,2024-06-23,4,111.92,22.384,9,3,Mobile App,Apple Pay,192,2022-09-13,841,0,1,195.31
CUST_002213,2024-11-14,2,1226.3,408.76666666666665,6,3,Website,Debit Card,48,2021-08-06,1244,0,0,734.61
CUST_002214,2024-11-06,3,704.57,100.65285714285714,9,5,Website,PayPal,56,2020-09-04,1580,0,0,497.01
CUST_002215,2024-12-02,3,614.96,153.74,8,3,Marketplace,Credit Card,30,2020-04-10,1727,0,0,402.91
CUST_002216,2024-09-01,1,66.69,66.69,4,1,Mobile App,Credit Card,122,2021-12-02,1126,0,1,21.8
CUST_002217,2024-04-12,4,119.12,19.853333333333335,10,3,Mobile App,Credit Card,264,2020-04-05,1732,0,1,100.79
CUST_002218,2024-03-31,4,752.13,150.426,7,3,Website,Credit Card,276,2021-01-18,1444,0,1,763.22
CUST_002219,2023-09-29,5,720.99,102.99857142857142,16,4,Mobile App,Credit Card,460,2020-10-08,1546,0,1,852.95
CUST_002220,2024-06-24,2,198.84,99.42,5,1,In-Store,Credit Card,191,2020-11-17,1506,0,1,96.89
CUST_002221,2024-01-12,4,779.1700000000001,129.86166666666668,12,4,In-Store,Credit Card,355,2021-01-30,1432,0,1,796.64
CUST_002222,2024-08-06,2,370.69000000000005,185.34500000000003,3,1,Website,Debit Card,148,2020-10-04,1550,0,1,175.76
CUST_002223,2024-11-11,2,699.0899999999999,174.77249999999998,8,4,In-Store,Debit Card,51,2021-06-12,1299,0,0,400.57
CUST_002224,2023-03-08,2,434.64,108.66,5,3,In-Store,Apple Pay,665,2020-09-19,1565,0,1,203.04
CUST_002225,2023-06-30,1,12.66,12.66,1,1,Mobile App,PayPal,551,2021-09-10,1209,0,1,3.83
CUST_002226,2022-09-27,2,171.76,34.352,9,3,Website,Credit Card,827,2021-08-02,1248,0,1,100.59
CUST_002227,2024-11-22,4,982.4200000000001,163.73666666666668,12,4,Website,Debit Card,40,2021-10-01,1188,0,0,1237.53
CUST_002228,2023-12-07,2,709.5699999999999,354.78499999999997,2,2,Website,Apple Pay,391,2020-10-19,1535,0,1,338.31
CUST_002229,2024-10-19,4,1003.49,143.3557142857143,10,4,Mobile App,Debit Card,74,2020-10-20,1534,0,0,967.99
CUST_002230,2024-09-07,5,711.9,118.64999999999999,10,3,Mobile App,PayPal,116,2021-08-30,1220,0,1,1074.11
CUST_002231,2024-12-07,5,174.29,29.048333333333332,7,3,In-Store,Credit Card,25,2021-01-29,1433,0,0,230.85
CUST_002232,2024-12-25,2,99.61999999999999,33.20666666666666,3,2,Website,Debit Card,7,2021-05-27,1315,0,0,63.2
CUST_002233,2023-12-15,1,87.54,87.54,1,1,Website,Debit Card,383,2022-07-09,907,0,1,35.32
CUST_002234,2024-03-09,4,515.25,64.40625,13,4,Mobile App,Credit Card,298,2022-03-20,1018,0,1,741.44
CUST_002235,2023-04-24,4,320.77,40.09625,14,6,Website,Apple Pay,618,2020-06-28,1648,0,1,284.64
CUST_002236,2024-12-12,8,1071.22,89.26833333333333,21,6,Mobile App,Apple Pay,20,2022-07-08,908,1,0,3617.14
CUST_002237,2024-09-14,3,131.14,32.785,5,3,Marketplace,Credit Card,109,2021-11-23,1135,0,1,127.68
CUST_002238,2024-11-29,6,718.6,71.86,23,5,Mobile App,Debit Card,33,2020-08-22,1593,0,0,1017.84
CUST_002239,2024-08-30,3,273.74,68.435,4,2,Website,Credit Card,124,2022-08-09,876,0,1,344.93
CUST_002240,2023-04-25,2,24.92,12.46,3,2,Website,Credit Card,617,2022-04-10,997,0,1,18.28
CUST_002241,2023-01-22,5,854.13,65.7023076923077,23,7,Website,Debit Card,710,2020-12-02,1491,0,1,1046.94
CUST_002242,2024-11-29,4,3379.67,675.934,7,4,Website,Debit Card,33,2020-01-08,1820,0,0,2793.32
CUST_002243,2022-06-03,2,1223.85,305.9625,7,3,Mobile App,Credit Card,943,2021-03-18,1385,0,1,645.75
CUST_002244,2023-09-08,1,198.88,99.44,3,2,Website,Credit Card,481,2022-07-29,887,0,1,82.01
CUST_002245,2023-01-25,2,117.1,29.275,5,3,In-Store,Debit Card,707,2021-06-22,1289,0,1,66.41
CUST_002246,2024-05-21,1,102.23,51.115,2,2,In-Store,Debit Card,225,2022-03-30,1008,0,1,37.18
CUST_002247,2024-10-28,3,83.1,16.619999999999997,13,3,In-Store,Debit Card,65,2021-10-19,1170,0,0,78.97
CUST_002248,2023-06-06,3,97.36,32.45333333333333,6,2,Website,Apple Pay,575,2020-03-31,1737,0,1,61.48
CUST_002249,2023-11-29,1,376.49,188.245,2,2,Mobile App,Apple Pay,399,2022-05-03,974,0,1,141.44
CUST_002250,2024-12-12,1,13.31,13.31,1,1,Mobile App,Credit Card,20,2020-09-28,1556,0,0,3.28
CUST_002251,2023-04-08,3,372.78999999999996,46.598749999999995,14,5,Website,Google Pay,634,2022-04-13,994,0,1,411.32
CUST_002252,2024-06-22,1,173.95,57.98333333333333,7,3,In-Store,Credit Card,193,2020-01-05,1823,0,1,35.01
CUST_002253,2022-05-13,1,262.65,262.65,4,1,Mobile App,Google Pay,964,2021-08-16,1234,0,1,77.77
CUST_002254,2023-03-24,2,1329.54,664.77,5,2,Mobile App,Debit Card,649,2022-06-17,929,0,1,1046.35
CUST_002255,2024-08-08,5,157.9,22.557142857142857,11,2,In-Store,Apple Pay,146,2020-08-06,1609,0,1,180.32
CUST_002256,2024-02-18,3,62.82,12.564,9,4,Mobile App,Apple Pay,318,2020-04-27,1710,0,1,40.35
CUST_002257,2024-12-20,4,342.94,68.588,9,3,In-Store,Credit Card,12,2021-08-15,1235,0,0,439.2
CUST_002258,2024-11-11,3,1076.53,269.1325,10,3,Mobile App,PayPal,51,2022-09-02,852,0,0,1410.7
CUST_002259,2023-09-13,5,986.01,109.55666666666667,14,7,Website,PayPal,476,2021-08-04,1246,1,1,1447.23
CUST_002260,2022-10-13,2,369.5,61.583333333333336,7,5,Website,Credit Card,811,2020-04-24,1713,0,1,157.66
CUST_002261,2024-12-09,3,710.31,177.5775,11,3,In-Store,Debit Card,23,2020-09-19,1565,0,0,518.6
CUST_002262,2022-02-18,1,216.11,108.055,4,2,Mobile App,Apple Pay,1048,2020-11-01,1522,0,1,51.88
CUST_002263,2023-09-04,2,103.78,34.593333333333334,5,3,Website,Google Pay,485,2021-10-15,1174,0,1,64.66
CUST_002264,2022-06-02,1,587.14,195.71333333333334,6,2,Mobile App,Debit Card,944,2021-02-25,1406,0,1,152.58
CUST_002265,2023-12-19,4,2097.0699999999997,349.5116666666666,10,3,Website,PayPal,379,2022-09-26,828,0,1,3707.49
CUST_002266,2024-08-01,6,1925.58,148.12153846153845,19,6,Website,Credit Card,153,2020-07-25,1621,1,1,2618.5
CUST_002267,2022-06-14,2,99.56,19.912,9,4,Website,Debit Card,932,2021-09-14,1205,0,1,60.38
CUST_002268,2024-12-12,4,79.57,11.367142857142856,13,3,Website,Apple Pay,20,2020-10-29,1525,0,0,79.99
CUST_002269,2024-05-01,2,226.98000000000002,75.66000000000001,5,2,Mobile App,Credit Card,245,2020-04-21,1716,0,1,96.95
CUST_002270,2024-11-20,4,722.01,90.25125,16,3,Website,PayPal,42,2021-02-20,1411,0,0,764.87
CUST_002271,2024-11-24,5,114.13,22.826,8,4,Website,Debit Card,38,2021-07-08,1273,0,0,167.92
CUST_002272,2022-11-18,3,1672.7,418.175,9,4,Website,PayPal,775,2022-05-08,969,0,1,1892.64
CUST_002273,2023-08-06,3,216.43,54.1075,8,1,Website,Apple Pay,514,2020-10-11,1543,0,1,153.89
CUST_002274,2024-08-12,4,3007.75,429.67857142857144,14,4,Website,Credit Card,142,2021-10-01,1188,0,1,3722.42
CUST_002275,2024-09-21,1,402.74,134.24666666666667,3,3,Mobile App,Apple Pay,102,2020-07-03,1643,0,1,90.35
CUST_002276,2023-03-27,2,30.52,15.26,5,1,Mobile App,Debit Card,646,2022-01-10,1087,0,1,20.53
CUST_002277,2023-10-01,4,304.68,43.52571428571429,10,4,Mobile App,Apple Pay,458,2022-06-19,927,0,1,480.91
CUST_002278,2024-11-02,6,484.79,60.59875,11,5,Mobile App,Apple Pay,60,2020-08-08,1607,0,0,671.68
CUST_002279,2024-11-23,7,8737.55,672.1192307692307,23,4,Website,Credit Card,39,2022-05-13,964,1,0,6907.84
CUST_002280,2023-09-04,2,227.53,113.765,2,1,In-Store,Credit Card,485,2021-03-19,1384,0,1,120.26
CUST_002281,2023-03-27,1,32.34,32.34,2,1,Website,Credit Card,646,2020-04-26,1711,0,1,6.91
CUST_002282,2024-12-16,3,127.85,18.264285714285712,13,4,Mobile App,PayPal,16,2020-03-10,1758,0,0,84.61
CUST_002283,2024-07-05,1,266.11,88.70333333333333,3,3,Website,Debit Card,180,2022-06-16,930,0,1,105.02
CUST_002284,2024-09-09,1,28.66,28.66,1,1,Marketplace,Apple Pay,114,2020-03-10,1758,0,1,6.0
CUST_002285,2023-11-15,5,324.27,54.044999999999995,11,5,Mobile App,Credit Card,413,2021-09-13,1206,0,1,491.9
CUST_002286,2024-06-29,2,222.71,44.542,9,5,Mobile App,Credit Card,186,2021-03-02,1401,0,1,116.67
CUST_002287,2024-02-20,6,2336.89,292.11125,14,4,In-Store,Debit Card,316,2021-10-05,1184,1,1,4336.14
CUST_002288,2023-08-26,3,144.69,48.23,7,1,In-Store,Apple Pay,494,2021-07-21,1260,0,1,126.0
CUST_002289,2024-04-22,4,179.56,25.65142857142857,12,5,Website,Credit Card,254,2022-09-15,839,0,1,313.69
CUST_002290,2024-08-16,1,100.72,100.72,1,1,Mobile App,PayPal,138,2021-03-18,1385,0,1,26.74
CUST_002291,2024-07-22,2,1933.1000000000001,483.27500000000003,11,3,Website,Credit Card,163,2021-08-23,1227,0,1,1157.15
CUST_002292,2023-05-31,3,100.19,14.312857142857142,9,5,Website,Apple Pay,581,2020-05-16,1691,0,1,64.99
CUST_002293,2024-02-23,8,1152.08,88.62153846153845,21,8,Mobile App,Credit Card,313,2021-05-18,1324,1,1,2548.96
CUST_002294,2024-09-06,2,401.44,133.81333333333333,7,2,In-Store,Credit Card,117,2020-05-10,1697,0,1,174.16
CUST_002295,2024-08-20,6,3152.12,350.23555555555555,14,6,Website,Credit Card,134,2020-08-05,1610,1,1,4319.66
CUST_002296,2024-11-29,1,77.67,77.67,2,1,Website,PayPal,33,2021-11-18,1140,0,0,25.62
CUST_002297,2024-12-25,6,1228.69,153.58625,12,4,Website,Credit Card,7,2020-06-19,1657,1,0,1855.91
CUST_002298,2023-03-15,2,311.46999999999997,77.86749999999999,6,3,Mobile App,PayPal,658,2021-04-19,1353,0,1,168.31
CUST_002299,2023-11-14,1,136.3,136.3,1,1,In-Store,Credit Card,414,2021-09-03,1216,0,1,41.01
CUST_002300,2024-10-29,3,169.84,42.46,4,3,In-Store,Debit Card,64,2022-09-18,836,0,0,225.93
CUST_002301,2024-05-30,7,2201.0299999999997,169.30999999999997,21,8,Mobile App,Credit Card,216,2020-05-08,1699,1,1,3325.29
CUST_002302,2024-03-13,3,71.55,11.924999999999999,13,5,Website,Bank Transfer,294,2020-02-26,1771,0,1,44.39
CUST_002303,2024-02-17,3,220.5,44.1,17,2,Website,Debit Card,319,2020-06-29,1647,0,1,147.06
CUST_002305,2024-10-14,5,406.98,58.14,12,5,Website,Credit Card,79,2020-05-23,1684,0,0,446.64
CUST_002306,2024-06-07,8,644.8,37.92941176470588,36,7,Website,Credit Card,208,2020-02-20,1777,0,1,1064.64
CUST_002308,2024-08-18,6,268.65,33.58125,13,5,Website,Credit Card,136,2021-04-03,1369,0,1,432.92
CUST_002309,2023-12-18,3,197.29,39.458,7,3,Mobile App,Credit Card,380,2020-08-05,1610,0,1,134.53
CUST_002310,2023-06-17,3,1204.5,301.125,10,3,Mobile App,Credit Card,564,2021-09-07,1212,0,1,1090.15
CUST_002311,2023-12-30,4,600.0799999999999,150.01999999999998,9,2,Mobile App,Debit Card,368,2022-06-13,933,0,1,941.58
CUST_002312,2023-11-17,4,269.09,33.63625,12,3,Website,Debit Card,411,2021-07-20,1261,0,1,312.31
CUST_002313,2023-11-17,3,1449.9099999999999,362.47749999999996,5,4,In-Store,Debit Card,411,2020-09-13,1571,0,1,1013.06
CUST_002315,2023-12-04,1,64.64,64.64,1,1,Website,Google Pay,394,2020-06-04,1672,0,1,14.15
CUST_002316,2024-10-26,6,2088.9,298.4142857142857,14,3,In-Store,Debit Card,67,2021-07-18,1263,1,0,3676.14
CUST_002317,2024-12-29,4,1318.71,263.742,12,4,Website,Credit Card,3,2021-03-17,1386,0,0,1852.16
CUST_002318,2024-09-25,6,598.48,85.49714285714286,14,3,Website,Credit Card,98,2022-04-20,987,0,1,1341.48
CUST_002319,2024-12-20,6,2499.75,249.975,13,7,Website,Apple Pay,12,2022-08-13,872,1,0,6801.21
CUST_002320,2023-10-23,4,230.55,32.93571428571429,11,5,Mobile App,Debit Card,436,2021-11-29,1129,0,1,298.83
CUST_002321,2024-11-07,4,75.75,12.625,7,4,Mobile App,Debit Card,55,2022-05-25,952,0,0,118.28
CUST_002322,2023-12-03,4,2177.2200000000003,362.87000000000006,10,4,Website,Debit Card,395,2021-10-23,1166,0,1,2733.09
CUST_002323,2023-06-28,4,769.28,128.21333333333334,7,3,Mobile App,Apple Pay,553,2022-02-14,1052,0,1,1069.56
CUST_002324,2024-04-27,3,1895.8400000000001,379.168,8,5,Mobile App,PayPal,249,2022-01-31,1066,0,1,1955.24
CUST_002325,2024-08-24,10,9005.56,473.97684210526313,34,8,Mobile App,Credit Card,130,2022-08-02,883,1,1,6907.84
CUST_002326,2023-03-27,2,119.5,59.75,4,2,Website,Credit Card,646,2022-03-20,1018,0,1,85.83
CUST_002327,2023-12-01,4,1035.7800000000002,207.15600000000003,9,3,Website,Debit Card,397,2022-07-11,905,0,1,1675.19
CUST_002328,2024-02-17,2,181.91000000000003,30.31833333333334,10,3,Marketplace,Apple Pay,319,2022-07-23,893,0,1,149.17
CUST_002329,2024-09-15,6,535.24,66.905,11,5,Website,Credit Card,108,2021-12-23,1105,0,1,1070.61
CUST_002330,2024-01-21,3,141.92,28.383999999999997,8,3,In-Store,Apple Pay,346,2020-01-25,1803,0,1,86.44
CUST_002332,2024-05-25,5,359.45,51.35,8,5,Mobile App,Apple Pay,221,2022-05-02,975,0,1,675.86
CUST_002333,2024-09-06,1,22.34,22.34,1,1,Mobile App,Debit Card,117,2021-10-25,1164,0,1,7.07
CUST_002334,2024-11-05,2,1179.71,393.2366666666667,9,3,In-Store,PayPal,57,2021-06-19,1292,0,0,678.25
CUST_002335,2023-09-05,4,966.6600000000001,120.83250000000001,20,5,Website,Credit Card,484,2022-02-02,1064,0,1,1329.17
CUST_002336,2024-03-11,3,221.40999999999997,73.80333333333333,6,2,Website,Credit Card,296,2020-02-29,1768,0,1,137.59
CUST_002337,2024-12-17,4,139.45000000000002,27.890000000000004,7,4,Mobile App,Apple Pay,15,2021-04-11,1361,0,0,159.57
CUST_002338,2024-01-21,2,868.65,217.1625,7,4,Mobile App,Credit Card,346,2021-03-09,1394,0,1,456.2
CUST_002339,2024-12-28,9,239.63,23.963,16,4,Mobile App,Credit Card,4,2022-05-28,949,0,0,1036.86
CUST_002340,2023-09-21,5,841.15,140.19166666666666,10,3,Mobile App,Credit Card,468,2020-03-06,1762,0,1,873.09
CUST_002341,2024-11-10,2,634.36,317.18,3,2,In-Store,Bank Transfer,52,2022-06-28,918,0,0,514.15
CUST_002342,2024-04-26,2,154.17000000000002,51.39000000000001,5,2,Mobile App,PayPal,250,2021-07-18,1263,0,1,89.46
CUST_002343,2023-01-10,3,128.73000000000002,42.910000000000004,3,2,Mobile App,Credit Card,722,2022-07-16,900,0,1,156.84
CUST_002344,2024-12-24,6,341.25,42.65625,10,4,Mobile App,PayPal,8,2020-04-15,1722,0,0,488.24
CUST_002345,2024-12-03,5,519.11,64.88875,17,4,Website,Credit Card,29,2020-04-05,1732,0,0,565.85
CUST_002346,2023-11-25,3,201.75,33.625,11,5,In-Store,PayPal,403,2022-09-14,840,0,1,263.65
CUST_002347,2024-01-07,2,142.22,47.406666666666666,3,2,Website,PayPal,360,2021-11-18,1140,0,1,91.32
CUST_002349,2024-10-22,2,196.9,65.63333333333334,4,2,Website,Debit Card,71,2020-06-16,1660,0,1,87.81
CUST_002350,2024-12-12,4,499.22,71.31714285714285,9,4,Mobile App,Apple Pay,20,2020-02-11,1786,0,0,428.5
CUST_002351,2023-09-07,4,843.5699999999999,120.50999999999999,8,5,Website,Credit Card,482,2022-05-28,949,0,1,1300.49
CUST_002352,2024-12-16,6,357.91,39.76777777777778,15,6,Website,Credit Card,16,2020-04-13,1724,0,0,483.07
CUST_002353,2023-04-20,1,143.22,143.22,1,1,Mobile App,Debit Card,622,2022-04-24,983,0,1,53.26
CUST_002354,2023-07-07,4,450.18,90.036,6,4,Website,Credit Card,544,2020-07-22,1624,0,1,405.46
CUST_002355,2024-03-25,6,319.46999999999997,29.04272727272727,15,6,Mobile App,PayPal,282,2021-06-03,1308,0,1,536.79
CUST_002356,2022-09-14,1,134.2,134.2,4,1,Website,Debit Card,840,2022-09-01,853,0,1,57.49
CUST_002357,2024-11-14,6,5692.43,813.2042857142858,10,4,In-Store,Credit Card,48,2020-10-08,1546,1,0,6907.84
CUST_002358,2023-07-28,5,688.02,114.67,11,4,Mobile App,Apple Pay,523,2022-06-26,920,0,1,1367.43
CUST_002359,2024-10-23,9,3335.9700000000003,222.39800000000002,24,9,Website,Credit Card,70,2020-02-12,1785,1,0,6227.01
CUST_002360,2023-05-17,3,2499.18,357.0257142857143,9,4,Mobile App,Apple Pay,595,2022-08-04,881,0,1,3111.47
CUST_002361,2023-02-27,2,76.75,19.1875,6,2,Website,Debit Card,674,2020-04-19,1718,0,1,32.66
CUST_002362,2023-01-02,4,134.64,19.23428571428571,17,5,Mobile App,Credit Card,730,2022-09-13,841,0,1,234.06
CUST_002363,2023-08-26,4,117.89,19.648333333333333,7,4,Mobile App,Credit Card,494,2020-07-28,1618,0,1,106.59
CUST_002364,2022-01-11,1,14.83,7.415,2,2,Website,PayPal,1086,2022-01-18,1079,0,1,5.02
CUST_002365,2024-01-11,2,187.01999999999998,46.754999999999995,5,3,Website,Apple Pay,356,2022-05-17,960,0,1,142.61
CUST_002366,2023-11-02,2,839.73,167.946,7,3,Website,Apple Pay,426,2022-04-10,997,0,1,616.29
CUST_002367,2024-08-07,5,2298.47,255.38555555555553,12,4,Website,Debit Card,147,2020-02-18,1779,1,1,2373.94
CUST_002368,2024-11-11,1,49.86,49.86,1,1,Mobile App,Debit Card,51,2020-04-24,1713,0,0,10.83
CUST_002369,2022-05-07,2,7794.5599999999995,1948.6399999999999,16,3,Mobile App,Debit Card,970,2020-06-03,1673,0,1,3404.6
CUST_002370,2023-11-25,3,1220.3700000000001,244.074,10,3,Website,Debit Card,403,2021-10-10,1179,0,1,1136.23
CUST_002371,2024-05-18,6,370.99,37.099000000000004,20,5,Website,Debit Card,228,2021-05-17,1325,0,1,615.87
CUST_002372,2023-12-18,2,52.69,26.345,4,1,In-Store,Debit Card,380,2021-11-09,1149,0,1,33.56
CUST_002373,2024-10-11,4,1151.73,191.955,10,4,In-Store,Apple Pay,82,2022-04-12,995,0,0,1710.59
CUST_002374,2024-09-23,3,442.5,110.625,7,2,Mobile App,Debit Card,100,2021-12-11,1117,0,1,438.12
CUST_002375,2024-02-23,3,794.37,158.874,11,3,Mobile App,PayPal,313,2022-09-12,842,0,1,1036.36
CUST_002376,2024-07-22,2,800.22,400.11,4,1,In-Store,Debit Card,163,2020-03-11,1757,0,1,334.52
CUST_002377,2024-02-13,3,596.19,119.23800000000001,8,3,Mobile App,PayPal,323,2021-06-02,1309,0,1,500.27
CUST_002378,2022-12-24,3,632.37,210.79,4,2,Website,PayPal,739,2021-12-12,1116,0,1,621.31
CUST_002379,2022-11-29,1,6.82,6.82,1,1,Website,Apple Pay,764,2020-12-01,1492,0,1,1.67
CUST_002380,2024-04-05,3,728.44,145.68800000000002,9,4,In-Store,Credit Card,271,2020-03-07,1761,0,1,454.62
CUST_002381,2023-12-20,2,87.67,43.835,4,2,In-Store,Apple Pay,378,2021-05-07,1335,0,1,48.07
CUST_002383,2024-06-27,5,1801.13,300.18833333333333,8,4,In-Store,Credit Card,188,2022-01-23,1074,1,1,3076.86
CUST_002384,2023-06-20,2,531.89,106.378,5,3,Mobile App,Google Pay,561,2022-08-24,861,0,1,451.77
CUST_002385,2022-11-09,2,374.15,74.83,9,4,Website,Debit Card,784,2020-07-31,1615,0,1,169.34
CUST_002386,2024-10-20,8,1886.6000000000001,145.12307692307692,18,7,Website,Credit Card,73,2020-06-29,1647,1,0,3390.61
CUST_002387,2024-01-29,3,244.55,81.51666666666667,6,2,Marketplace,Bank Transfer,338,2022-02-04,1062,0,1,252.9
CUST_002388,2024-04-21,4,2822.68,313.63111111111107,16,7,Website,Debit Card,255,2021-09-04,1215,0,1,3405.16
CUST_002389,2024-08-03,6,2406.44,240.644,18,5,In-Store,Credit Card,151,2022-05-12,965,1,1,5497.41
CUST_002390,2024-09-20,5,1629.03,232.71857142857144,13,4,Mobile App,Credit Card,103,2021-08-21,1229,1,1,2442.51
CUST_002391,2024-05-21,5,435.68,62.24,12,4,Website,Apple Pay,225,2021-11-27,1131,0,1,706.14
CUST_002392,2023-11-15,3,668.61,167.1525,9,4,Website,Credit Card,413,2021-08-25,1225,0,1,599.1
CUST_002393,2023-05-31,3,338.96,48.42285714285714,10,6,Mobile App,Credit Card,581,2020-09-04,1580,0,1,235.32
CUST_002394,2024-12-03,4,908.61,129.80142857142857,13,5,Mobile App,PayPal,29,2020-08-01,1614,0,0,850.26
CUST_002395,2023-07-01,1,49.38,49.38,2,1,Mobile App,Credit Card,550,2020-12-24,1469,0,1,12.29
CUST_002396,2023-05-18,1,161.11,161.11,1,1,Website,Bank Transfer,594,2020-09-05,1579,0,1,37.3
CUST_002397,2022-11-18,2,43.13,21.565,2,2,Marketplace,Google Pay,775,2021-09-29,1190,0,1,26.49
CUST_002398,2022-04-24,1,82.39,82.39,2,1,Mobile App,Bank Transfer,983,2022-07-11,905,0,1,33.26
CUST_002400,2022-07-14,1,294.21000000000004,98.07000000000001,4,3,Mobile App,Debit Card,902,2022-05-30,947,0,1,113.52
CUST_002401,2024-12-09,4,1242.3899999999999,177.4842857142857,15,4,Mobile App,Credit Card,23,2021-05-30,1312,0,0,1442.65
CUST_002402,2024-03-10,2,352.76,58.79333333333333,11,5,Mobile App,Credit Card,297,2020-03-28,1740,0,1,148.5
CUST_002403,2024-09-12,4,238.03,47.606,9,4,Mobile App,Credit Card,111,2021-10-24,1165,0,1,300.99
CUST_002404,2024-04-03,4,1192.26,198.71,12,4,Mobile App,Debit Card,273,2020-06-24,1652,0,1,1057.55
CUST_002405,2024-07-23,3,117.39,23.478,10,3,Mobile App,Apple Pay,162,2021-12-23,1105,0,1,117.05
CUST_002406,2022-06-26,1,20.27,20.27,1,1,Marketplace,Credit Card,920,2021-03-01,1402,0,1,5.28
CUST_002407,2022-03-07,1,168.37,168.37,2,1,Mobile App,Bank Transfer,1031,2022-02-09,1057,0,1,58.2
CUST_002408,2024-11-22,4,437.24,87.44800000000001,9,5,Website,Credit Card,40,2021-08-25,1225,0,0,534.15
CUST_002409,2024-11-24,4,881.33,125.90428571428572,16,4,Mobile App,Credit Card,38,2022-02-09,1057,0,0,1249.39
CUST_002410,2024-06-05,3,153.2,38.3,8,2,Mobile App,PayPal,210,2022-07-12,904,0,1,186.45
CUST_002411,2022-09-17,2,157.02,52.34,8,2,Marketplace,Debit Card,837,2021-12-03,1125,0,1,102.01
CUST_002412,2023-07-01,4,246.99,35.284285714285716,9,4,Mobile App,PayPal,550,2020-03-21,1747,0,1,206.79
CUST_002413,2024-07-01,3,2276.82,569.205,11,3,Mobile App,Credit Card,184,2022-07-15,901,0,1,2782.09
CUST_002414,2023-12-06,3,302.14,100.71333333333332,4,2,Website,Apple Pay,392,2020-05-17,1690,0,1,196.26
CUST_002415,2024-09-10,4,599.12,99.85333333333334,12,3,Mobile App,Debit Card,113,2021-03-08,1395,0,1,632.58
CUST_002416,2024-01-20,1,25.65,12.825,2,2,In-Store,Debit Card,347,2021-04-14,1358,0,1,6.91
CUST_002417,2022-08-14,1,173.76,86.88,3,2,Website,Credit Card,871,2020-12-15,1478,0,1,42.96
CUST_002418,2023-11-12,2,72.4,24.133333333333336,3,3,Mobile App,PayPal,416,2020-05-05,1702,0,1,31.13
CUST_002419,2024-02-01,3,501.74,100.348,11,5,In-Store,Credit Card,335,2022-05-30,947,0,1,581.89
CUST_002420,2023-08-22,1,113.25,113.25,1,1,In-Store,Debit Card,498,2022-07-05,911,0,1,45.47
CUST_002421,2022-10-05,1,137.42,137.42,3,1,Website,Apple Pay,819,2022-05-17,960,0,1,52.31
CUST_002422,2023-08-21,1,86.68,28.893333333333334,7,2,Website,Credit Card,499,2020-11-04,1519,0,1,20.87
CUST_002423,2022-06-03,1,164.79000000000002,54.93000000000001,5,3,Website,Apple Pay,943,2022-05-04,973,0,1,61.88
CUST_002424,2024-07-14,6,1064.28,152.04,11,3,Website,Credit Card,171,2020-08-17,1598,1,1,1467.09
CUST_002425,2024-04-19,2,556.27,185.42333333333332,10,3,Website,Credit Card,257,2021-04-04,1368,0,1,298.0
CUST_002427,2024-01-27,3,756.4100000000001,151.282,9,3,Website,Debit Card,340,2020-11-05,1518,0,1,547.24
CUST_002428,2024-08-18,3,2453.09,490.61800000000005,8,5,Marketplace,Debit Card,136,2022-08-10,875,0,1,3092.44
CUST_002429,2024-06-07,4,120.03,17.147142857142857,16,5,Website,Credit Card,208,2020-01-20,1808,0,1,97.39
CUST_002430,2024-06-28,4,1143.76,163.3942857142857,12,6,Website,Credit Card,187,2022-05-30,947,0,1,1772.78
CUST_002431,2024-09-14,3,718.92,102.70285714285714,10,6,Mobile App,Bank Transfer,109,2021-07-14,1267,0,1,627.02
CUST_002432,2023-08-09,2,924.27,308.09,5,3,Mobile App,Apple Pay,511,2021-10-08,1181,0,1,572.43
CUST_002433,2024-12-21,1,520.04,520.04,4,1,Mobile App,Debit Card,11,2021-06-24,1287,0,0,160.89
CUST_002434,2024-05-10,3,131.49,32.8725,7,2,Mobile App,Credit Card,236,2021-07-13,1268,0,1,114.03
CUST_002435,2024-03-22,4,208.78,34.79666666666667,8,3,Website,PayPal,285,2021-04-21,1351,0,1,226.42
CUST_002436,2024-02-07,1,29.64,29.64,1,1,Mobile App,Debit Card,329,2020-09-25,1559,0,1,6.96
CUST_002437,2023-07-09,1,124.17,62.085,4,2,In-Store,Apple Pay,542,2020-01-03,1825,0,1,24.88
CUST_002438,2024-02-15,2,74.52,37.26,4,2,Mobile App,Debit Card,321,2022-02-08,1058,0,1,51.58
CUST_002439,2024-04-26,1,42.41,42.41,1,1,Website,Debit Card,250,2020-01-16,1812,0,1,8.58
CUST_002440,2022-03-24,1,65.00999999999999,21.669999999999998,7,3,Website,Debit Card,1014,2021-08-28,1222,0,1,19.44
CUST_002441,2024-12-01,5,895.77,99.53,15,4,Mobile App,Credit Card,31,2020-12-23,1470,0,0,1147.97
CUST_002442,2024-06-26,4,862.9399999999999,86.294,16,7,Mobile App,Credit Card,189,2021-10-07,1182,0,1,1071.54
CUST_002443,2023-10-05,2,380.55,95.1375,10,4,Website,Credit Card,454,2022-03-23,1015,0,1,274.3
CUST_002444,2024-08-24,9,1252.63,83.50866666666667,22,7,Website,Credit Card,130,2022-04-18,989,1,1,4192.66
CUST_002445,2024-12-04,3,392.76,65.46,11,5,Website,Debit Card,28,2020-05-12,1695,0,0,262.79
CUST_002446,2023-10-24,2,494.64,98.928,11,5,Website,Credit Card,435,2020-11-07,1516,0,1,238.73
CUST_002447,2024-11-12,3,290.09,48.34833333333333,11,4,Mobile App,Debit Card,50,2022-08-24,861,0,0,376.31
CUST_002448,2024-12-19,5,1089.35,121.03888888888888,18,4,Website,Credit Card,13,2021-04-26,1346,1,0,1590.63
CUST_002449,2024-07-20,3,213.72,35.62,11,4,Mobile App,Credit Card,165,2022-06-13,933,0,1,252.35
CUST_002450,2024-06-03,3,358.27,71.654,8,4,Mobile App,Credit Card,212,2021-06-27,1284,0,1,306.98
CUST_002451,2024-10-24,4,249.94,35.705714285714286,12,4,Mobile App,Debit Card,69,2020-10-31,1523,0,0,243.07
CUST_002452,2022-01-10,1,109.11,109.11,2,1,In-Store,Apple Pay,1087,2020-09-25,1559,0,1,25.57
CUST_002453,2024-10-22,2,107.84,26.96,4,3,Marketplace,Credit Card,71,2021-02-17,1414,0,1,56.46
CUST_002454,2024-02-11,4,131.58,26.316000000000003,6,2,Mobile App,Apple Pay,325,2020-01-25,1803,0,1,106.88
CUST_002455,2024-09-23,5,898.05,99.78333333333333,14,5,In-Store,Credit Card,100,2022-09-07,847,0,1,1954.35
CUST_002456,2024-02-14,3,225.96999999999997,37.66166666666666,11,3,Website,PayPal,322,2020-11-11,1512,0,1,164.16
CUST_002457,2024-03-16,4,639.9,71.1,11,5,Website,Credit Card,291,2021-07-24,1257,0,1,745.8
CUST_002458,2024-12-19,4,65.0,10.833333333333334,9,6,Website,Debit Card,13,2021-12-25,1103,0,0,92.66
CUST_002459,2023-07-16,2,736.15,184.0375,6,2,In-Store,Apple Pay,535,2021-10-29,1160,0,1,464.13
CUST_002460,2023-11-21,4,262.81,52.562,6,4,Website,Credit Card,407,2022-04-05,1002,0,1,383.88
CUST_002461,2024-08-20,4,169.6,33.92,12,4,Website,Debit Card,134,2020-10-02,1552,0,1,160.74
CUST_002462,2023-02-14,2,819.6700000000001,273.22333333333336,5,2,Website,Google Pay,687,2022-07-18,898,0,1,667.29
CUST_002463,2024-06-30,6,1111.54,185.25666666666666,9,2,Website,Credit Card,185,2021-01-23,1439,1,1,1700.79
CUST_002465,2024-01-12,5,217.53,31.075714285714287,16,4,Mobile App,Credit Card,355,2021-03-19,1384,0,1,287.65
CUST_002466,2023-07-04,4,446.87,55.85875,18,5,Website,Apple Pay,547,2022-09-25,829,0,1,788.45
CUST_002467,2024-09-03,5,3229.1800000000003,403.64750000000004,11,3,Website,PayPal,120,2021-03-02,1401,1,1,4241.52
CUST_002469,2024-12-05,9,854.87,85.487,15,5,In-Store,Apple Pay,27,2021-11-27,1131,0,0,2574.94
CUST_002470,2022-11-22,2,754.19,251.39666666666668,7,3,Website,Credit Card,771,2022-08-28,857,0,1,643.26
CUST_002471,2024-10-19,3,420.73,140.24333333333334,5,1,Mobile App,Credit Card,74,2021-07-19,1262,0,0,369.99
CUST_002472,2024-04-19,4,250.86,41.81,10,5,Website,Credit Card,257,2021-12-21,1107,0,1,332.14
CUST_002473,2024-06-15,3,174.70000000000002,43.675000000000004,6,3,Mobile App,Credit Card,200,2021-01-02,1460,0,1,131.68
CUST_002474,2023-09-16,1,1144.35,1144.35,2,1,Mobile App,Credit Card,473,2022-07-29,887,0,1,471.89
CUST_002475,2024-05-03,3,1472.06,245.34333333333333,11,3,Website,Credit Card,243,2020-12-07,1486,0,1,1089.19
CUST_002477,2023-07-06,3,315.2,52.53333333333333,11,5,Mobile App,Credit Card,545,2022-05-01,976,0,1,354.28
CUST_002478,2024-11-19,4,1701.3,283.55,12,4,Mobile App,Debit Card,43,2020-10-30,1524,0,0,1667.76
CUST_002479,2023-11-30,5,384.23,48.02875,11,7,Website,Credit Card,398,2022-02-02,1064,0,1,660.7
CUST_002480,2024-07-06,4,178.82,29.80333333333333,6,4,Website,Google Pay,179,2021-01-08,1454,0,1,180.56
CUST_002481,2024-08-05,3,1886.0400000000002,377.208,8,4,Website,PayPal,149,2022-08-07,878,0,1,2367.97
CUST_002482,2024-12-27,2,100.98000000000002,33.660000000000004,5,2,Mobile App,Credit Card,5,2022-03-26,1012,0,0,87.41
CUST_002483,2022-07-17,2,689.82,344.91,4,1,In-Store,Apple Pay,899,2020-04-21,1716,0,1,293.78
CUST_002484,2024-10-18,2,763.92,381.96,6,1,In-Store,Apple Pay,75,2022-05-27,950,0,1,594.84
CUST_002485,2024-02-14,2,204.68,68.22666666666667,3,3,Mobile App,Credit Card,322,2020-01-06,1822,0,1,82.26
CUST_002486,2023-07-13,3,581.51,96.91833333333334,12,5,Website,Debit Card,538,2022-07-18,898,0,1,710.4
CUST_002488,2024-09-21,2,480.7,240.35,4,1,Mobile App,Apple Pay,102,2022-04-25,982,0,1,360.85
CUST_002489,2024-11-22,2,255.85999999999999,51.172,7,3,Website,Debit Card,40,2022-08-01,884,0,0,216.57
CUST_002490,2024-12-24,3,434.54,108.635,10,2,Mobile App,Credit Card,8,2020-10-05,1549,0,0,345.58
CUST_002491,2024-12-19,6,475.55,47.555,20,6,Website,Apple Pay,13,2021-01-16,1446,0,0,775.63
CUST_002492,2022-02-11,1,47.370000000000005,23.685000000000002,2,2,Website,PayPal,1055,2022-05-01,976,0,1,17.73
CUST_002493,2024-12-07,4,1181.71,131.3011111111111,12,5,In-Store,Credit Card,25,2020-01-13,1815,0,0,988.6
CUST_002494,2023-04-15,1,148.78,74.39,5,1,Website,Credit Card,627,2020-10-29,1525,0,1,35.67
CUST_002496,2023-09-19,3,156.76,26.126666666666665,8,3,Website,Apple Pay,470,2021-09-08,1211,0,1,142.05
CUST_002497,2023-11-25,2,185.47,46.3675,6,3,Mobile App,PayPal,403,2020-06-08,1668,0,1,81.37
CUST_002498,2023-08-01,2,168.51999999999998,84.25999999999999,5,2,Website,Apple Pay,519,2020-06-02,1674,0,1,73.63
CUST_002499,2024-04-01,2,254.42000000000002,127.21000000000001,4,1,In-Store,Credit Card,275,2022-01-23,1074,0,1,173.56
CUST_002500,2024-12-24,2,21.54,7.18,4,2,Website,PayPal,8,2020-06-29,1647,0,0,10.74
